Index,Description,Duration,Amount,TRPS,Rating,Echelon,Date,Listing,Lombard,Liquidity,EUR,RUB,USD
XS2134628069,MMCFN  2.550 09/11/25 '25,4.223,500000000.0,10.0,7,1,2020-12-01,3.0,0,0.34244752399857925,0,0,1
XS1449458915,GOTRL  5.950 07/19/21,0.5579999999999999,350000000.0,10.0,5,2,2020-12-01,3.0,1,0.4357834526486169,0,0,1
XS1319822752,EVRE   8.250 01/28/21,0.09699999999999999,750000000.0,10.0,6,1,2020-12-01,-1.0,0,0.0,0,0,1
XS1433454243,FASPM  5.375 06/16/23,2.358,900000000.0,10.0,5,2,2020-12-01,3.0,0,0.4289657621884987,0,0,1
XS1951067039,CBOMF  5.150 02/20/24,2.89,327228000.0,10.0,4,2,2020-12-01,3.0,0,0.4393850658501465,1,0,0
XS1759468967,UNCRS  4.850 02/01/23,1.9909999999999999,500000000.0,8.0,3,2,2020-12-01,-1.0,0,0.0,0,0,1
XS1400710726,VON    7.250 04/26/23 '23,1.964,700000000.0,10.0,5,2,2020-12-01,-1.0,0,0.0,0,0,1
XS1772800204,DMAIR  5.075 02/15/23 '22,1.798,300000000.0,10.0,5,2,2020-12-01,-1.0,0,0.0,0,0,1
XS2010044548,CPPFD  4.500 09/19/24 '24,3.237,300000000.0,9.0,4,2,2020-12-01,-1.0,0,0.0,0,0,1
XS2010044381,GTEPT  4.949 02/18/26,4.555,550000000.0,10.0,5,2,2020-12-01,3.0,1,0.4996309970851803,0,0,1
XS2060792236,KAPIA  4.125 10/09/24 '24,3.3160000000000003,400000000.0,9.0,5,2,2020-12-01,-1.0,0,0.0,0,0,1
XS2058691663,VON    4.000 04/09/25 '25,3.755,1000000000.0,10.0,5,2,2020-12-01,-1.0,0,0.0,0,0,1
XS2010040397,UKFIN  4.000 10/22/24,3.575,500000000.0,9.0,4,2,2020-12-01,-1.0,0,0.0,0,0,1
XS2063279959,ALFAB  5.950 04/15/30 '25 FRN,3.839,850000000.0,10.0,4,2,2020-12-01,-1.0,0,0.0,0,0,1
XS2099763075,CBOMF  4.700 01/29/25,3.719,541000000.0,10.0,4,2,2020-12-01,3.0,0,0.4688528564780141,0,0,1
XS2124187571,GAZFI  3.250 02/25/30 MTN,7.949,2000000000.0,10.0,8,1,2020-12-01,3.0,1,0.5342150322642094,0,0,1
XS2157526315,GAZFI  2.950 04/15/25 MTN,4.043,1000000000.0,10.0,8,1,2020-12-01,3.0,1,0.4115970612810669,1,0,0
XS2159874002,LKOH   3.875 05/06/30,7.977,1500000000.0,10.0,8,1,2020-12-01,3.0,0,0.4846166822924171,0,0,1
XS0841671000,SGEEL  5.900 10/17/22 MTN,1.736,634051000.0,10.0,8,1,2020-12-01,-1.0,1,0.0,0,0,1
XS0800817073,VEFNC  6.025 07/05/22,1.452,1000000000.0,10.0,7,1,2020-12-01,3.0,1,0.4710745904632154,0,0,1
XS0830192711,STGPN  4.375 09/19/22 MTN,1.6780000000000002,1500000000.0,10.0,8,1,2020-12-01,3.0,1,0.5208036429546441,0,0,1
XS0861981180,ROSNI  4.199 03/06/22 MTN,1.173,2000000000.0,10.0,7,1,2020-12-01,3.0,1,0.5284816549885222,0,0,1
XS1622146758,MMCFN  3.849 04/08/22,1.264,500000000.0,10.0,7,1,2020-12-01,-1.0,0,0.0,0,0,1
XS1567051443,SGEEL  3.850 08/27/21,0.6679999999999999,500000000.0,10.0,8,1,2020-12-01,-1.0,0,0.0,0,0,1
XS2010030919,ALRSX  3.100 06/25/27,5.864,500000000.0,10.0,7,1,2020-12-01,-1.0,0,0.0,0,0,1
XS0743596040,STSBC  6.125 02/07/22 MTN,1.08,1500000000.0,10.0,7,1,2020-12-01,3.0,1,0.0,0,0,1
XS0831571434,EUDBK  4.767 09/20/22 MTN,1.675,335812000.0,10.0,9,1,2020-12-01,-1.0,1,0.0,0,0,1
XS1634369067,BYGV   6.875 02/28/23,2.025,800000000.0,10.0,2,1,2020-12-01,3.0,0,0.0,0,0,1
RU000A0JREW5,VNESH  7.270 04/02/21 PUT,0.27699999999999997,5000000000.0,8.0,7,1,2020-12-01,3.0,1,0.2479873148102644,0,1,0
RU000A0JWV63,FASPM 14.250 Perp     '26,4.2139999999999995,5000000000.0,7.0,6,2,2020-12-01,3.0,0,0.5067784192456047,0,1,0
RU000A0JVUK8,AFKS   9.750 09/30/25 PUT,1.226,5000000000.0,9.0,4,2,2020-12-01,3.0,1,0.4793511966460157,0,1,0
RU000A0JWYQ5,AFKS   6.350 10/30/26 PUT,4.943000000000001,6500000000.0,9.0,4,2,2020-12-01,3.0,1,0.6095141016927453,0,1,0
RU000A100V79,TCSX   8.250 09/12/29 PUT,6.311,10000000000.0,7.0,4,2,2020-12-01,1.0,0,0.5114222666393323,0,1,0
RU000A0JXVE5,SVYIN  8.900 07/05/22,1.4140000000000001,20000000000.0,9.0,6,1,2020-12-01,3.0,0,0.5202828018082404,0,1,0
RU000A0JX2F6,ROSB   6.550 12/20/26 PUT,1.912,5000000000.0,6.0,7,2,2020-12-01,2.0,1,0.31591300390709043,0,1,0
RU000A0JWNB0,ROSB   7.500 07/21/26 PUT,0.5650000000000001,7000000000.0,6.0,7,2,2020-12-01,2.0,1,0.24122237251504186,0,1,0
RU000A0JTM36,BANE   6.300 01/31/23 PUT,0.134,10000000000.0,9.0,7,1,2020-12-01,1.0,1,0.4295288738696964,0,1,0
RU000A0JTM51,BANE   6.300 01/31/23 PUT,0.131,5000000000.0,9.0,7,1,2020-12-01,1.0,1,0.35684555366678505,0,1,0
RU000A101MZ4,IIB    6.750 05/16/23,2.2230000000000003,7000000000.0,7.0,7,2,2020-12-01,3.0,0,0.3285397814409187,0,1,0
RU000A0ZZZN8,SVKBK 10.350 12/21/21,0.961,3000000000.0,8.0,6,1,2020-12-01,3.0,0,0.4011765103809354,0,1,0
RU000A1023K1,AFKS   6.700 08/26/30 PUT,7.1480000000000015,10000000000.0,9.0,4,2,2020-12-01,1.0,1,0.5315477649694713,0,1,0
RU000A0JW1P8,GOTRL  8.150 12/16/25 PUT,0.0,4000000000.0,8.0,6,1,2020-12-01,1.0,1,0.5027386413915154,0,1,0
RU000A0JWBH2,EVRE  12.600 03/23/21,0.247,15000000000.0,9.0,6,1,2020-12-01,2.0,1,0.5745701517731223,0,1,0
RU000A0ZYNY4,GOTRL  5.250 12/31/32 FRN PUT,8.706,10000000000.0,8.0,6,1,2020-12-01,1.0,1,0.4872844283378053,0,1,0
RU000A0ZZ0L6,ELLEA 10.600 03/26/21,0.231,1160005000.0,9.0,3,2,2020-12-01,2.0,0,0.385531126841229,0,1,0
RU000A0ZZ1J8,GOTRL  7.350 03/18/33 PUT,8.088000000000001,10000000000.0,9.0,6,1,2020-12-01,1.0,1,0.5783913249655673,0,1,0
RU000A0ZZAW2,PIKK   6.950 06/23/21 FRN,0.485,6000000000.0,9.0,4,2,2020-12-01,1.0,0,0.4431380234242713,0,1,0
RU000A0JVA10,GOTRL  7.980 03/06/25 PUT,2.471,5000000000.0,8.0,6,1,2020-12-01,1.0,1,0.4469149165611339,0,1,0
RU000A0JWPA7,SOVCH  8.500 07/30/21 PUT,0.583,7000000000.0,8.0,6,1,2020-12-01,1.0,1,0.4192894263622838,0,1,0
RU000A0JVVA7,FASPM 12.500 10/13/22,1.6480000000000001,9000000000.0,8.0,8,1,2020-12-01,1.0,1,0.358898731239694,0,1,0
RU000A0JTVJ2,FASPM  8.300 04/11/23 PUT,1.252,10000000000.0,7.0,6,2,2020-12-01,2.0,1,0.4862794813166741,0,1,0
RU000A100VX2,INOFC  7.900 09/26/29 PUT,6.4220000000000015,7000000000.0,6.0,7,2,2020-12-01,3.0,0,0.2951318870264207,0,1,0
RU000A0JX1S1,ROSSI  6.650 11/27/31 PUT,1.881,15000000000.0,9.0,8,1,2020-12-01,3.0,1,0.5797262006094942,0,1,0
XS1946883342,ALFAB  9.350 08/06/22 MTN,1.494,10000000000.0,9.0,6,1,2020-12-01,-1.0,0,0.0,0,1,0
XS1691350455,RUCAM  8.125 09/28/22 '22,1.43,20000000000.0,10.0,7,1,2020-12-01,-1.0,0,0.0,0,1,0
RU000A0JTLL9,USMHD  7.650 01/27/23 PUT,1.9240000000000002,5000000000.0,8.0,6,1,2020-12-01,2.0,1,0.41204724233272505,0,1,0
RU000A102CL3,RUGV   1.850 11/20/32,10.787,1250000000.0,8.0,7,1,2020-12-01,1.0,0,0.4991845594229259,1,0,0
RU000A101616,FASPM  5.000 Perp     '25,18.976,150000000.0,8.0,6,1,2021-01-01,3.0,0,0.5097835886129338,1,0,0
XS2134628069,MMCFN  2.550 09/11/25 '25,4.1419999999999995,500000000.0,10.0,7,1,2021-01-01,3.0,0,0.4013590518454749,0,0,1
XS1449458915,GOTRL  5.950 07/19/21,0.4920000000000001,350000000.0,10.0,5,2,2021-01-01,3.0,1,0.28468195140763525,0,0,1
XS1319822752,EVRE   8.250 01/28/21,0.078,750000000.0,10.0,6,1,2021-01-01,-1.0,0,0.0,0,0,1
XS1433454243,FASPM  5.375 06/16/23,2.2769999999999997,900000000.0,10.0,5,2,2021-01-01,3.0,0,0.4007218416145718,0,0,1
XS1951067039,CBOMF  5.150 02/20/24,2.8080000000000003,327228000.0,10.0,4,2,2021-01-01,3.0,0,0.4436247560850663,1,0,0
XS1759468967,UNCRS  4.850 02/01/23,1.911,500000000.0,8.0,3,2,2021-01-01,-1.0,0,0.0,0,0,1
XS1400710726,VON    7.250 04/26/23 '23,1.884,700000000.0,10.0,5,2,2021-01-01,-1.0,0,0.0,0,0,1
XS1772800204,DMAIR  5.075 02/15/23 '22,1.7180000000000002,300000000.0,10.0,5,2,2021-01-01,-1.0,0,0.0,0,0,1
XS2010044548,CPPFD  4.500 09/19/24 '24,3.156,300000000.0,8.0,4,2,2021-01-01,-1.0,0,0.0,0,0,1
XS2010044381,GTEPT  4.949 02/18/26,4.4750000000000005,550000000.0,10.0,5,2,2021-01-01,3.0,1,0.496422041915742,0,0,1
XS2063279959,ALFAB  5.950 04/15/30 '25 FRN,3.762,850000000.0,9.0,4,2,2021-01-01,-1.0,0,0.0,0,0,1
XS2099763075,CBOMF  4.700 01/29/25,3.635,541000000.0,10.0,4,2,2021-01-01,3.0,0,0.4550965610828229,0,0,1
XS2124187571,GAZFI  3.250 02/25/30 MTN,7.859,2000000000.0,10.0,8,1,2021-01-01,3.0,1,0.5246275932887537,0,0,1
XS0841671000,SGEEL  5.900 10/17/22 MTN,1.656,634051000.0,10.0,8,1,2021-01-01,-1.0,1,0.0,0,0,1
XS0800817073,VEFNC  6.025 07/05/22,1.411,1000000000.0,10.0,7,1,2021-01-01,3.0,1,0.4563631182945634,0,0,1
XS0830192711,STGPN  4.375 09/19/22 MTN,1.597,1500000000.0,10.0,8,1,2021-01-01,3.0,1,0.4630467108389261,0,0,1
XS0861981180,ROSNI  4.199 03/06/22 MTN,1.092,2000000000.0,10.0,7,1,2021-01-01,3.0,1,0.5291163030306785,0,0,1
XS1622146758,MMCFN  3.849 04/08/22,1.1840000000000002,500000000.0,10.0,7,1,2021-01-01,-1.0,0,0.0,0,0,1
XS1567051443,SGEEL  3.850 08/27/21,0.588,500000000.0,10.0,8,1,2021-01-01,-1.0,0,0.0,0,0,1
XS1038646078,GAZCA  3.600 02/26/21 MTN,0.096,750000000.0,10.0,8,1,2021-01-01,-1.0,1,0.0,1,0,0
XS0743596040,STSBC  6.125 02/07/22 MTN,0.9990000000000001,1500000000.0,10.0,7,1,2021-01-01,3.0,1,0.0,0,0,1
XS1634369067,BYGV   6.875 02/28/23,1.944,800000000.0,10.0,2,2,2021-01-01,3.0,0,0.0,0,0,1
XS2243631095,GAZFI  4.598 Perp     '25 FRN,4.296,1400000000.0,9.0,6,1,2021-01-01,-1.0,0,0.0,0,0,1
RU000A0JREW5,VNESH  7.270 04/02/21 PUT,0.192,5000000000.0,8.0,7,1,2021-01-01,3.0,1,0.2270469130255049,0,1,0
RU000A0JWV63,FASPM 14.250 Perp     '26,4.1339999999999995,5000000000.0,7.0,6,2,2021-01-01,3.0,0,0.5133956836514171,0,1,0
RU000A0JVUK8,AFKS   9.750 09/30/25 PUT,1.141,5000000000.0,9.0,4,2,2021-01-01,3.0,1,0.4842597422638337,0,1,0
RU000A0JWYQ5,AFKS   6.350 10/30/26 PUT,4.86,6500000000.0,9.0,4,2,2021-01-01,3.0,1,0.5459740453739579,0,1,0
RU000A100V79,TCSX   8.250 09/12/29 PUT,6.221,10000000000.0,8.0,4,2,2021-01-01,1.0,0,0.5134938880662451,0,1,0
RU000A0JXVE5,SVYIN  8.900 07/05/22,1.388,20000000000.0,9.0,6,1,2021-01-01,3.0,0,0.5203539682417105,0,1,0
RU000A0JX2F6,ROSB   6.550 12/20/26 PUT,1.827,5000000000.0,7.0,7,2,2021-01-01,2.0,1,0.22271187154006525,0,1,0
RU000A0JWNB0,ROSB   7.500 07/21/26 PUT,0.498,7000000000.0,7.0,7,2,2021-01-01,2.0,1,0.2116499960426733,0,1,0
RU000A0JTM36,BANE   6.300 01/31/23 PUT,0.049,10000000000.0,9.0,7,1,2021-01-01,1.0,1,0.4705964783952162,0,1,0
RU000A0JTM51,BANE   6.300 01/31/23 PUT,0.046,5000000000.0,9.0,7,1,2021-01-01,1.0,1,0.35358334500623656,0,1,0
RU000A101MZ4,IIB    6.750 05/16/23,2.138,7000000000.0,7.0,10,3,2021-01-01,3.0,0,0.32196780935796177,0,1,0
RU000A0ZZZN8,SVKBK 10.350 12/21/21,0.8759999999999999,2100000000.0,8.0,6,1,2021-01-01,3.0,0,0.4099111657487406,0,1,0
RU000A1023K1,AFKS   6.700 08/26/30 PUT,7.066,10000000000.0,9.0,4,2,2021-01-01,1.0,1,0.5337575057617232,0,1,0
RU000A0JW1P8,GOTRL  6.890 12/16/25 PUT,1.804,4000000000.0,8.0,6,1,2021-01-01,1.0,1,0.5587455268348945,0,1,0
RU000A0JWBH2,EVRE  12.600 03/23/21,0.156,15000000000.0,9.0,6,1,2021-01-01,2.0,1,0.5740451539770449,0,1,0
RU000A0ZYNY4,GOTRL  5.250 12/31/32 FRN PUT,8.796,10000000000.0,8.0,6,1,2021-01-01,1.0,1,0.5065205081387678,0,1,0
RU000A0ZYR91,GOTRL  5.150 01/18/33 FRN PUT,8.705,10000000000.0,9.0,6,1,2021-01-01,1.0,1,0.477257558171308,0,1,0
RU000A0ZZ0L6,ELLEA 10.600 03/26/21,0.173,1063724585.0,9.0,3,2,2021-01-01,2.0,0,0.3707324394972321,0,1,0
RU000A0ZZ1J8,GOTRL  7.350 03/18/33 PUT,8.156,10000000000.0,9.0,6,1,2021-01-01,1.0,1,0.5647336526962694,0,1,0
RU000A0ZZAW2,PIKK   5.700 06/23/21 FRN,0.416,6000000000.0,9.0,4,2,2021-01-01,1.0,0,0.3991430845835754,0,1,0
RU000A0JVA10,GOTRL  7.980 03/06/25 PUT,2.381,5000000000.0,8.0,6,1,2021-01-01,1.0,1,0.4066246682707608,0,1,0
RU000A0JWPA7,SOVCH  8.500 07/30/21 PUT,0.498,7000000000.0,8.0,6,1,2021-01-01,1.0,1,0.4223005804402552,0,1,0
RU000A0JVVA7,FASPM 12.500 10/13/22,1.558,9000000000.0,7.0,8,3,2021-01-01,1.0,1,0.4108184862100145,0,1,0
RU000A0JTVJ2,FASPM  8.300 04/11/23 PUT,1.167,10000000000.0,8.0,6,1,2021-01-01,2.0,1,0.3128086598852226,0,1,0
RU000A100VX2,INOFC  7.900 09/26/29 PUT,6.3329999999999975,7000000000.0,7.0,7,2,2021-01-01,3.0,0,0.3291656321884028,0,1,0
RU000A1008V9,FASPM  7.660 03/27/28 FRN,0.0,13400000000.0,8.0,8,2,2021-01-01,1.0,1,0.4232667916112579,0,1,0
RU000A101D13,AFKS   7.100 01/26/23,1.847,10000000000.0,8.0,4,2,2021-01-01,2.0,0,0.5747915790178062,0,1,0
RU000A0JX1S1,ROSSI  6.650 11/27/31 PUT,1.796,15000000000.0,9.0,8,1,2021-01-01,3.0,1,0.5194213010027285,0,1,0
RU000A101KK0,FASPM  6.750 03/26/24 PUT,2.866,6500000000.0,8.0,8,1,2021-01-01,3.0,0,0.5638875211546435,0,1,0
XS1946883342,ALFAB  9.350 08/06/22 MTN,1.4140000000000001,10000000000.0,8.0,6,1,2021-01-01,-1.0,0,0.0,0,1,0
RU000A101S81,UNCRS  6.500 05/28/30 PUT,7.017,10000000000.0,8.0,3,2,2021-01-01,2.0,0,0.5293019896141354,0,1,0
XS1691350455,RUCAM  8.125 09/28/22 '22,1.35,20000000000.0,10.0,7,1,2021-01-01,-1.0,0,0.0,0,1,0
RU000A0JTLL9,USMHD  7.650 01/27/23 PUT,1.831,5000000000.0,7.0,6,2,2021-01-01,2.0,1,0.4654417794740636,0,1,0
RU000A0JTLJ3,USMHD  7.650 01/27/23 PUT,1.831,5000000000.0,8.0,6,1,2021-01-01,2.0,1,0.4595133572602933,0,1,0
RU000A102CL3,RUGV   1.850 11/20/32,10.704,1250000000.0,8.0,7,1,2021-01-01,1.0,0,0.44244913358375054,1,0,0
RU000A101616,FASPM  5.000 Perp     '25,19.052,150000000.0,8.0,6,1,2021-02-01,3.0,0,0.5143842813986549,1,0,0
XS2134628069,MMCFN  2.550 09/11/25 '25,4.073,500000000.0,10.0,7,1,2021-02-01,3.0,0,0.4038297045106097,0,0,1
XS1449458915,GOTRL  5.950 07/19/21,0.42200000000000004,350000000.0,10.0,5,2,2021-02-01,3.0,1,0.3160311262986917,0,0,1
XS1433454243,FASPM  5.375 06/16/23,2.208,900000000.0,10.0,5,2,2021-02-01,3.0,0,0.4671473800791026,0,0,1
XS1759468967,UNCRS  4.850 02/01/23,1.889,500000000.0,8.0,3,2,2021-02-01,-1.0,0,0.0,0,0,1
XS1400710726,VON    7.250 04/26/23 '23,1.814,700000000.0,10.0,5,2,2021-02-01,-1.0,0,0.0,0,0,1
XS1772800204,DMAIR  5.075 02/15/23 '22,1.69,300000000.0,10.0,5,2,2021-02-01,-1.0,0,0.0,0,0,1
XS2010044548,CPPFD  4.500 09/19/24 '24,3.0869999999999997,300000000.0,8.0,4,2,2021-02-01,-1.0,0,0.0,0,0,1
XS2010044381,GTEPT  4.949 02/18/26,4.41,550000000.0,10.0,5,2,2021-02-01,3.0,1,0.4834487326193947,0,0,1
XS2063279959,ALFAB  5.950 04/15/30 '25 FRN,3.693,850000000.0,10.0,4,2,2021-02-01,-1.0,0,0.0,0,0,1
XS2124187571,GAZFI  3.250 02/25/30 MTN,7.782999999999999,2000000000.0,10.0,8,1,2021-02-01,3.0,1,0.5102224384978443,0,0,1
XS0841671000,SGEEL  5.900 10/17/22 MTN,1.5859999999999999,634051000.0,10.0,8,1,2021-02-01,-1.0,1,0.0,0,0,1
XS0800817073,VEFNC  6.025 07/05/22,1.341,1000000000.0,10.0,7,1,2021-02-01,3.0,1,0.4690472954946837,0,0,1
XS0830192711,STGPN  4.375 09/19/22 MTN,1.528,1500000000.0,10.0,8,1,2021-02-01,3.0,1,0.4570110558792402,0,0,1
XS0861981180,ROSNI  4.199 03/06/22 MTN,1.023,2000000000.0,10.0,7,1,2021-02-01,3.0,1,0.5036155857229926,0,0,1
XS1622146758,MMCFN  3.849 04/08/22,1.114,500000000.0,10.0,7,1,2021-02-01,-1.0,0,0.0,0,0,1
XS1567051443,SGEEL  3.850 08/27/21,0.518,500000000.0,10.0,8,1,2021-02-01,-1.0,0,0.0,0,0,1
XS1038646078,GAZCA  3.600 02/26/21 MTN,0.027000000000000003,750000000.0,10.0,8,2,2021-02-01,-1.0,1,0.0,1,0,0
XS0743596040,STSBC  6.125 02/07/22 MTN,0.958,1500000000.0,10.0,7,1,2021-02-01,3.0,1,0.0,0,0,1
XS1634369067,BYGV   6.875 02/28/23,1.874,800000000.0,10.0,2,2,2021-02-01,3.0,0,0.0,0,0,1
XS2243631095,GAZFI  4.598 Perp     '25 FRN,4.273,1400000000.0,9.0,6,1,2021-02-01,-1.0,0,0.0,0,0,1
XS1951067039,CBOMF  5.150 02/20/24,2.739,327228000.0,10.0,4,2,2021-02-01,3.0,0,0.4447583188400304,1,0,0
XS2099763075,CBOMF  4.700 01/29/25,3.6489999999999996,541000000.0,10.0,4,2,2021-02-01,3.0,0,0.4442095067152938,0,0,1
RU000A0JREW5,VNESH  7.270 04/02/21 PUT,0.0,5000000000.0,8.0,7,1,2021-02-01,3.0,1,0.0,0,1,0
RU000A0JWV63,FASPM 14.250 Perp     '26,4.062,5000000000.0,7.0,6,2,2021-02-01,3.0,0,0.5131645848666556,0,1,0
RU000A0JVUK8,AFKS   9.750 09/30/25 PUT,1.075,5000000000.0,9.0,4,2,2021-02-01,3.0,1,0.457403034272022,0,1,0
RU000A0JWYQ5,AFKS   6.350 10/30/26 PUT,4.79,6500000000.0,9.0,4,2,2021-02-01,3.0,1,0.3958186380709845,0,1,0
RU000A100V79,TCSX   8.250 09/12/29 PUT,6.1530000000000005,10000000000.0,8.0,4,2,2021-02-01,1.0,0,0.5126061972581788,0,1,0
RU000A0JXVE5,SVYIN  8.900 07/05/22,1.3219999999999998,20000000000.0,9.0,6,1,2021-02-01,3.0,0,0.5243932281076825,0,1,0
RU000A0JX2F6,ROSB   6.550 12/20/26 PUT,1.766,5000000000.0,7.0,7,2,2021-02-01,2.0,1,0.2058068230755819,0,1,0
RU000A0JWNB0,ROSB   7.500 07/21/26 PUT,0.433,7000000000.0,7.0,7,2,2021-02-01,2.0,1,0.21425871546502565,0,1,0
RU000A0JTM36,BANE   5.500 01/31/23 PUT,1.889,10000000000.0,9.0,7,1,2021-02-01,1.0,1,0.4660379110410106,0,1,0
RU000A0JTM51,BANE   5.500 01/31/23 PUT,1.88,5000000000.0,9.0,7,1,2021-02-01,1.0,1,0.36217603045002505,0,1,0
RU000A101MZ4,IIB    6.750 05/16/23,2.079,7000000000.0,7.0,10,3,2021-02-01,3.0,0,0.17811927646411638,0,1,0
RU000A0ZZZN8,SVKBK 10.350 12/21/21,0.81,2100000000.0,8.0,6,1,2021-02-01,3.0,0,0.4101017169434564,0,1,0
RU000A1023K1,AFKS   6.700 08/26/30 PUT,6.9750000000000005,10000000000.0,9.0,4,2,2021-02-01,1.0,1,0.525753391635239,0,1,0
RU000A0JW1P8,GOTRL  6.890 12/16/25 PUT,1.7380000000000002,4000000000.0,8.0,6,1,2021-02-01,1.0,1,0.5588815862221479,0,1,0
RU000A0JWBH2,EVRE  12.600 03/23/21,0.096,15000000000.0,9.0,6,1,2021-02-01,2.0,1,0.5323476470191504,0,1,0
RU000A0ZYNY4,GOTRL  5.250 12/31/32 FRN PUT,8.732999999999999,10000000000.0,8.0,6,1,2021-02-01,1.0,1,0.5323434226004867,0,1,0
RU000A0ZYR91,GOTRL  4.900 01/18/33 FRN PUT,8.81,10000000000.0,9.0,6,1,2021-02-01,1.0,1,0.4858465557150556,0,1,0
RU000A0ZZ0L6,ELLEA 10.600 03/26/21,0.107,1063724585.0,9.0,4,2,2021-02-01,2.0,0,0.3751444700840271,0,1,0
RU000A0ZZ1J8,GOTRL  7.350 03/18/33 PUT,8.103,10000000000.0,9.0,6,1,2021-02-01,1.0,1,0.5654902228317042,0,1,0
RU000A0ZZAW2,PIKK   5.700 06/23/21 FRN,0.35100000000000003,6000000000.0,9.0,4,2,2021-02-01,1.0,0,0.3810101487200727,0,1,0
RU000A0JVA10,GOTRL  7.980 03/06/25 PUT,2.319,5000000000.0,8.0,6,1,2021-02-01,1.0,1,0.4139608349310153,0,1,0
RU000A0JWPA7,SOVCH  8.500 07/30/21 PUT,0.452,7000000000.0,8.0,6,1,2021-02-01,1.0,1,0.4125953007282918,0,1,0
RU000A0JVVA7,FASPM 12.500 10/13/22,1.4969999999999999,9000000000.0,8.0,8,1,2021-02-01,1.0,1,0.4123184809603982,0,1,0
RU000A0JTVJ2,FASPM  8.300 04/11/23 PUT,1.101,10000000000.0,8.0,6,1,2021-02-01,2.0,1,0.3407985558593117,0,1,0
RU000A100VX2,INOFC  7.900 09/26/29 PUT,6.263,7000000000.0,7.0,7,2,2021-02-01,3.0,0,0.3268457743114521,0,1,0
RU000A101D13,AFKS   7.100 01/26/23,1.8459999999999999,10000000000.0,8.0,4,2,2021-02-01,2.0,0,0.5799569392602993,0,1,0
RU000A0JX1S1,ROSSI  6.650 11/27/31 PUT,1.736,15000000000.0,9.0,8,1,2021-02-01,3.0,1,0.4742955708215622,0,1,0
RU000A101KK0,FASPM  6.750 03/26/24 PUT,2.801,6500000000.0,8.0,8,1,2021-02-01,3.0,0,0.5773888935333948,0,1,0
XS1946883342,ALFAB  9.350 08/06/22 MTN,1.4080000000000001,10000000000.0,8.0,6,1,2021-02-01,-1.0,0,0.0,0,1,0
RU000A101S81,UNCRS  6.500 05/28/30 PUT,6.9570000000000025,10000000000.0,8.0,3,2,2021-02-01,2.0,0,0.5312679401930264,0,1,0
XS1691350455,RUCAM  8.125 09/28/22 '22,1.2830000000000001,20000000000.0,10.0,7,1,2021-02-01,-1.0,0,0.0,0,1,0
RU000A0JTLJ3,USMHD  7.650 01/27/23 PUT,1.839,5000000000.0,9.0,6,1,2021-02-01,2.0,1,0.4354070372622989,0,1,0
RU000A0JTLL9,USMHD  7.650 01/27/23 PUT,1.839,5000000000.0,8.0,6,1,2021-02-01,2.0,1,0.4697257584075427,0,1,0
RU000A102CL3,RUGV   1.850 11/20/32,10.632,1250000000.0,9.0,7,1,2021-02-01,1.0,0,0.5352272043412931,1,0,0
RU000A101616,FASPM  5.000 Perp     '25,19.488,150000000.0,8.0,6,1,2021-03-01,3.0,0,0.4676145435379966,1,0,0
XS2159874002,LKOH   3.875 05/06/30,7.71,1500000000.0,10.0,8,1,2021-03-01,3.0,0,0.4712531892229458,0,0,1
XS2134628069,MMCFN  2.550 09/11/25 '25,4.033,500000000.0,10.0,7,1,2021-03-01,3.0,0,0.35997599557127635,0,0,1
XS2291819980,GAZFI  2.950 01/27/29 MTN,7.024,2000000000.0,8.0,8,1,2021-03-01,-1.0,0,0.0,0,0,1
XS0810596832,VTBR   9.500 Perp     '22 FRN,1.588,2250000000.0,10.0,7,1,2021-03-01,3.0,0,0.6036667977713616,0,0,1
XS1449458915,GOTRL  5.950 07/19/21,0.33299999999999996,254701000.0,10.0,5,2,2021-03-01,3.0,1,0.4844646779443928,0,0,1
XS1433454243,FLOT   5.375 06/16/23,2.119,900000000.0,10.0,5,2,2021-03-01,3.0,0,0.4988381981538332,0,0,1
XS1759468967,UNCRS  4.850 02/01/23,1.806,500000000.0,8.0,3,2,2021-03-01,-1.0,0,0.0,0,0,1
XS1400710726,VON    7.250 04/26/23 '23,1.725,700000000.0,10.0,5,2,2021-03-01,-1.0,0,0.0,0,0,1
XS1772800204,DMAIR  5.075 02/15/23 '22,1.6019999999999999,204719000.0,10.0,5,2,2021-03-01,-1.0,0,0.0,0,0,1
XS2010044548,CPPFD  4.500 09/19/24 '24,3.063,300000000.0,8.0,4,2,2021-03-01,-1.0,0,0.0,0,0,1
XS2010044381,GTEPT  4.949 02/18/26,4.4239999999999995,550000000.0,10.0,5,2,2021-03-01,3.0,1,0.4823674326254377,0,0,1
XS2063279959,ALFAB  5.950 04/15/30 '25 FRN,3.597,850000000.0,8.0,4,2,2021-03-01,-1.0,0,0.0,0,0,1
XS2124187571,GAZFI  3.250 02/25/30 MTN,7.796,2000000000.0,10.0,8,1,2021-03-01,3.0,1,0.522157046428551,0,0,1
XS0841671000,SGEEL  5.900 10/17/22 MTN,1.4969999999999999,634051000.0,10.0,8,1,2021-03-01,-1.0,1,0.0,0,0,1
XS0800817073,VEFNC  6.025 07/05/22,1.253,1000000000.0,10.0,7,1,2021-03-01,3.0,1,0.4607158891986461,0,0,1
XS0830192711,STGPN  4.375 09/19/22 MTN,1.469,1500000000.0,10.0,8,1,2021-03-01,3.0,1,0.4886887030243855,0,0,1
XS2183144810,AFHDS  2.700 06/11/23 MTN,2.153,350000000.0,9.0,4,2,2021-03-01,3.0,0,0.0,1,0,0
XS0861981180,ROSNI  4.199 03/06/22 MTN,0.954,2000000000.0,10.0,7,1,2021-03-01,3.0,1,0.4695469840087425,0,0,1
XS1622146758,MMCFN  3.849 04/08/22,1.025,500000000.0,10.0,7,1,2021-03-01,-1.0,0,0.0,0,0,1
XS1567051443,SGEEL  3.850 08/27/21,0.439,500000000.0,10.0,8,1,2021-03-01,-1.0,0,0.0,0,0,1
XS0743596040,STSBC  6.125 02/07/22 MTN,0.8690000000000001,1500000000.0,10.0,7,1,2021-03-01,3.0,1,0.0,0,0,1
XS1634369067,BYGV   6.875 02/28/23,1.8459999999999999,800000000.0,10.0,2,2,2021-03-01,3.0,0,0.0,0,0,1
XS2243631095,GAZFI  4.598 Perp     '25 FRN,4.18,1400000000.0,9.0,6,1,2021-03-01,-1.0,0,0.0,0,0,1
XS1951067039,CBOMF  5.150 02/20/24,2.786,327228000.0,10.0,4,2,2021-03-01,3.0,0,0.4345343945453502,1,0,0
XS2099763075,CBOMF  4.700 01/29/25,3.5589999999999997,541000000.0,9.0,4,2,2021-03-01,3.0,0,0.4451591538017366,0,0,1
RU000A0JREW5,VNESH  7.270 04/02/21 PUT,0.040999999999999995,5000000000.0,8.0,7,1,2021-03-01,3.0,1,0.15281253346361418,0,1,0
RU000A0JWV63,FASPM 14.250 Perp     '26,3.964,5000000000.0,6.0,6,2,2021-03-01,3.0,0,0.5056447049682693,0,1,0
RU000A0JVUK8,AFKS   9.750 09/30/25 PUT,0.99,5000000000.0,9.0,4,2,2021-03-01,3.0,1,0.5644251248519572,0,1,0
RU000A0JWYQ5,AFKS   6.350 10/30/26 PUT,4.7,6500000000.0,9.0,4,2,2021-03-01,3.0,1,0.3839448528241852,0,1,0
RU000A100V79,TCSX   8.250 09/12/29 PUT,6.046,10000000000.0,7.0,4,2,2021-03-01,1.0,0,0.4910232042489253,0,1,0
RU000A0JXVE5,SVYIN  8.900 07/05/22,1.237,20000000000.0,9.0,6,1,2021-03-01,3.0,0,0.5378462353497306,0,1,0
RU000A0JX2F6,ROSB   6.550 12/20/26 PUT,1.675,5000000000.0,6.0,7,2,2021-03-01,2.0,1,0.18209050837803387,0,1,0
RU000A0JWNB0,ROSB   7.500 07/21/26 PUT,0.34800000000000003,7000000000.0,5.0,7,2,2021-03-01,2.0,1,0.21600319684600186,0,1,0
RU000A0JTM36,BANE   5.500 01/31/23 PUT,1.798,10000000000.0,9.0,7,1,2021-03-01,1.0,1,0.4723757588080494,0,1,0
RU000A0JTM51,BANE   5.500 01/31/23 PUT,1.795,5000000000.0,9.0,7,1,2021-03-01,1.0,1,0.5646188010776515,0,1,0
RU000A101MZ4,IIB    6.750 05/16/23,2.022,7000000000.0,7.0,10,3,2021-03-01,3.0,0,0.2961990264024903,0,1,0
RU000A0ZZZN8,SVKBK 10.350 12/21/21,0.725,2100000000.0,8.0,6,1,2021-03-01,3.0,0,0.4389855387852668,0,1,0
RU000A1023K1,AFKS   6.700 08/26/30 PUT,7.1240000000000006,10000000000.0,9.0,4,2,2021-03-01,1.0,1,0.5631622534850743,0,1,0
RU000A102FS1,AFKS   6.100 11/25/30 PUT,1.8769999999999998,5000000000.0,8.0,4,2,2021-03-01,1.0,0,0.3623926023046364,0,1,0
RU000A102GY7,HEDTR  6.450 12/11/23,2.529,4000000000.0,7.0,5,3,2021-03-01,3.0,0,0.5436002373070905,0,1,0
RU000A102RF3,PPFGP  6.850 02/06/26 PUT,2.645,5000000000.0,7.0,4,2,2021-03-01,1.0,0,0.5459254238262654,0,1,0
RU000A0JW1P8,GOTRL  6.890 12/16/25 PUT,1.653,4000000000.0,8.0,6,1,2021-03-01,1.0,1,0.5251876985669764,0,1,0
RU000A0JWBH2,EVRE  12.600 03/23/21,0.011000000000000001,15000000000.0,8.0,6,1,2021-03-01,2.0,1,0.5297268522311859,0,1,0
RU000A0ZYNY4,GOTRL  5.250 12/31/32 FRN PUT,8.63,10000000000.0,8.0,6,1,2021-03-01,1.0,1,0.5338726335999445,0,1,0
RU000A0ZYR91,GOTRL  4.900 01/18/33 FRN PUT,8.685,10000000000.0,9.0,6,1,2021-03-01,1.0,1,0.4970435474406012,0,1,0
RU000A0ZZ0L6,ELLEA 10.600 03/26/21,0.022000000000000002,1063724585.0,9.0,4,2,2021-03-01,2.0,0,0.3669128362191528,0,1,0
RU000A0ZZ1J8,GOTRL  7.350 03/18/33 PUT,7.9529999999999985,10000000000.0,9.0,6,1,2021-03-01,1.0,1,0.5668321148495215,0,1,0
RU000A0ZZAW2,PIKK   5.700 06/23/21 FRN,0.266,6000000000.0,9.0,4,2,2021-03-01,1.0,0,0.36504060751746825,0,1,0
RU000A0JVA10,GOTRL  7.980 03/06/25 PUT,2.278,5000000000.0,8.0,6,1,2021-03-01,1.0,1,0.4051158931577313,0,1,0
RU000A0JWPA7,SOVCH  8.500 07/30/21 PUT,0.3670000000000001,7000000000.0,8.0,6,1,2021-03-01,1.0,1,0.41668317359373136,0,1,0
RU000A0JVVA7,FASPM 12.500 10/13/22,1.41,9000000000.0,8.0,8,1,2021-03-01,1.0,1,0.4133468471625355,0,1,0
RU000A0JTVJ2,FASPM  8.300 04/11/23 PUT,1.016,10000000000.0,8.0,6,1,2021-03-01,2.0,1,0.39230808343474577,0,1,0
RU000A100VX2,INOFC  7.900 09/26/29 PUT,6.176,7000000000.0,6.0,7,2,2021-03-01,3.0,0,0.3397144315281553,0,1,0
RU000A101D13,AFKS   7.100 01/26/23,1.76,10000000000.0,8.0,4,2,2021-03-01,2.0,0,0.5359179120897598,0,1,0
RU000A0JX1S1,ROSSI  6.650 11/27/31 PUT,1.645,15000000000.0,9.0,8,1,2021-03-01,3.0,1,0.4652287733562853,0,1,0
RU000A101KK0,FASPM  6.750 03/26/24 PUT,2.761,6500000000.0,7.0,8,3,2021-03-01,3.0,0,0.561670589531574,0,1,0
XS1946883342,ALFAB  9.350 08/06/22 MTN,1.3159999999999998,10000000000.0,8.0,6,1,2021-03-01,-1.0,0,0.0,0,1,0
RU000A101S81,UNCRS  6.500 05/28/30 PUT,6.974,10000000000.0,7.0,3,3,2021-03-01,2.0,0,0.5258043742220866,0,1,0
XS1691350455,RUCAM  8.125 09/28/22 '22,1.1909999999999998,20000000000.0,9.0,7,1,2021-03-01,-1.0,0,0.0,0,1,0
RU000A0JTLJ3,USMHD  7.650 01/27/23 PUT,1.755,5000000000.0,8.0,6,1,2021-03-01,2.0,1,0.4015053039549876,0,1,0
RU000A0JTLL9,USMHD  7.650 01/27/23 PUT,1.755,5000000000.0,7.0,6,2,2021-03-01,2.0,1,0.2630760131701571,0,1,0
RU000A102CL3,RUGV   1.850 11/20/32,10.534,1250000000.0,9.0,7,1,2021-03-01,1.0,0,0.5664205260654139,1,0,0
RU000A101616,FASPM  5.000 Perp     '25,19.285,150000000.0,8.0,6,1,2021-04-01,3.0,0,0.5545191212961017,1,0,0
XS2159874002,LKOH   3.875 05/06/30,7.612,1500000000.0,10.0,8,1,2021-04-01,3.0,0,0.4981361734324488,0,0,1
XS2134628069,MMCFN  2.550 09/11/25 '25,4.163,500000000.0,10.0,7,1,2021-04-01,3.0,0,0.4039269893273065,0,0,1
XS2291819980,GAZFI  2.950 01/27/29 MTN,6.922999999999999,2000000000.0,8.0,8,1,2021-04-01,-1.0,0,0.0,0,0,1
XS0810596832,VTBR   9.500 Perp     '22 FRN,1.494,2250000000.0,10.0,7,1,2021-04-01,3.0,0,0.6077571192429995,0,0,1
XS2252958751,VON    3.375 11/25/27 '27 MTN,5.881,1250000000.0,9.0,6,1,2021-04-01,-1.0,0,0.0,0,0,1
XS1449458915,GOTRL  5.950 07/19/21,0.239,254701000.0,10.0,5,2,2021-04-01,3.0,1,0.5028711305815067,0,0,1
XS1433454243,FLOT   5.375 06/16/23,2.025,900000000.0,10.0,5,2,2021-04-01,3.0,0,0.4795995088480986,0,0,1
XS1759468967,UNCRS  4.850 02/01/23,1.798,500000000.0,9.0,3,2,2021-04-01,-1.0,0,0.0,0,0,1
XS1400710726,VON    7.250 04/26/23 '23,1.63,700000000.0,10.0,5,2,2021-04-01,-1.0,0,0.0,0,0,1
XS1772800204,DMAIR  5.075 02/15/23 '22,1.507,204719000.0,10.0,5,2,2021-04-01,-1.0,0,0.0,0,0,1
XS2010044548,CPPFD  4.500 09/19/24 '24,2.968,300000000.0,9.0,4,2,2021-04-01,-1.0,0,0.0,0,0,1
XS2010044381,GTEPT  4.949 02/18/26,4.327,550000000.0,10.0,5,2,2021-04-01,3.0,1,0.4429837958802553,0,0,1
XS2063279959,ALFAB  5.950 04/15/30 '25 FRN,3.6,850000000.0,9.0,4,2,2021-04-01,-1.0,0,0.0,0,0,1
XS2124187571,GAZFI  3.250 02/25/30 MTN,7.695,2000000000.0,10.0,8,1,2021-04-01,3.0,1,0.5824018411090552,0,0,1
XS0841671000,SGEEL  5.900 10/17/22 MTN,1.442,634051000.0,10.0,8,1,2021-04-01,-1.0,1,0.0,0,0,1
XS0800817073,VEFNC  6.025 07/05/22,1.158,1000000000.0,10.0,7,1,2021-04-01,3.0,1,0.455284357918332,0,0,1
XS0830192711,STGPN  4.375 09/19/22 MTN,1.374,1500000000.0,10.0,8,1,2021-04-01,3.0,1,0.497249706731298,0,0,1
XS2183144810,AFHDS  2.700 06/11/23 MTN,2.057,350000000.0,9.0,4,2,2021-04-01,3.0,0,0.3579085792926468,1,0,0
XS0861981180,ROSNI  4.199 03/06/22 MTN,0.8590000000000001,2000000000.0,10.0,7,1,2021-04-01,3.0,1,0.4643029107403724,0,0,1
XS1622146758,MMCFN  3.849 04/08/22 '22,0.7090000000000001,500000000.0,10.0,7,1,2021-04-01,-1.0,0,0.0,0,0,1
XS1567051443,SGEEL  3.850 08/27/21,0.34400000000000003,500000000.0,10.0,8,1,2021-04-01,-1.0,0,0.0,0,0,1
XS0743596040,STSBC  6.125 02/07/22 MTN,0.774,1500000000.0,10.0,7,1,2021-04-01,3.0,1,0.0,0,0,1
XS1634369067,BYGV   6.875 02/28/23,1.751,800000000.0,10.0,2,2,2021-04-01,3.0,0,0.0,0,0,1
XS2243631095,GAZFI  4.599 Perp     '25 FRN,4.085,1400000000.0,9.0,6,1,2021-04-01,-1.0,0,0.0,0,0,1
XS1951067039,CBOMF  5.150 02/20/24,2.69,327228000.0,10.0,4,2,2021-04-01,3.0,0,0.4425967912249563,1,0,0
XS2099763075,CBOMF  4.700 01/29/25,3.4610000000000003,541000000.0,10.0,4,2,2021-04-01,3.0,0,0.4558547262441049,0,0,1
RU000A0JWV63,FASPM 14.250 Perp     '26,4.091,5000000000.0,7.0,6,2,2021-04-01,3.0,0,0.4863234257122529,0,1,0
RU000A0JVUK8,AFKS   9.750 09/30/25 PUT,0.938,5000000000.0,9.0,4,2,2021-04-01,3.0,1,0.5870941761934519,0,1,0
RU000A0JWYQ5,AFKS   6.350 10/30/26 PUT,4.598,6500000000.0,9.0,4,2,2021-04-01,3.0,1,0.3766519794905698,0,1,0
RU000A100V79,TCSX   8.250 09/12/29 PUT,6.197,10000000000.0,7.0,4,2,2021-04-01,1.0,0,0.5197260579799053,0,1,0
RU000A0JXVE5,SVYIN  8.900 07/05/22,1.141,20000000000.0,9.0,6,1,2021-04-01,3.0,0,0.5161250541435483,0,1,0
RU000A0JX2F6,ROSB   6.550 12/20/26 PUT,1.58,5000000000.0,6.0,7,2,2021-04-01,2.0,1,0.0,0,1,0
RU000A0JWNB0,ROSB   7.500 07/21/26 PUT,0.252,7000000000.0,6.0,7,2,2021-04-01,2.0,1,0.17931540373091812,0,1,0
RU000A0JTM36,BANE   5.500 01/31/23 PUT,1.702,10000000000.0,9.0,7,1,2021-04-01,1.0,1,0.4458417986788473,0,1,0
RU000A0JTM51,BANE   5.500 01/31/23 PUT,1.699,5000000000.0,9.0,7,1,2021-04-01,1.0,1,0.4391233017165416,0,1,0
RU000A101MZ4,IIB    6.750 05/16/23,1.923,7000000000.0,7.0,10,3,2021-04-01,3.0,0,0.2978364238077086,0,1,0
RU000A0ZZZN8,SVKBK 10.350 12/21/21,0.647,1650000000.0,8.0,6,1,2021-04-01,3.0,0,0.4733470544279497,0,1,0
RU000A1023K1,AFKS   6.700 08/26/30 PUT,7.006,10000000000.0,9.0,4,2,2021-04-01,1.0,1,0.5391934512202772,0,1,0
RU000A102FS1,AFKS   6.100 11/25/30 PUT,1.781,5000000000.0,8.0,4,2,2021-04-01,1.0,0,0.3554497617354477,0,1,0
RU000A102GY7,HEDTR  6.450 12/11/23,2.4330000000000003,4000000000.0,7.0,5,3,2021-04-01,3.0,0,0.5337177038135181,0,1,0
RU000A102RF3,PPFGP  6.850 02/06/26 PUT,2.5469999999999997,5000000000.0,7.0,4,2,2021-04-01,1.0,0,0.5156890687668282,0,1,0
RU000A102SV8,AFKS   6.900 02/17/31,7.1339999999999995,5000000000.0,8.0,4,2,2021-04-01,1.0,0,0.5701528823929651,0,1,0
RU000A0JW1P8,GOTRL  6.890 12/16/25 PUT,1.585,4000000000.0,8.0,6,1,2021-04-01,1.0,1,0.4479042663729573,0,1,0
RU000A0ZYNY4,GOTRL  5.000 12/31/32 FRN PUT,8.540000000000001,10000000000.0,8.0,6,1,2021-04-01,1.0,1,0.5134950261281788,0,1,0
RU000A0ZYR91,GOTRL  4.900 01/18/33 FRN PUT,8.493,10000000000.0,9.0,6,1,2021-04-01,1.0,1,0.4830602817490652,0,1,0
RU000A0ZZ1J8,GOTRL  7.350 03/18/33 PUT,8.002,10000000000.0,9.0,6,1,2021-04-01,1.0,1,0.5079440058220254,0,1,0
RU000A0ZZAW2,PIKK   5.700 06/23/21 FRN,0.17,6000000000.0,9.0,4,2,2021-04-01,1.0,0,0.32938203753770595,0,1,0
RU000A0JVA10,GOTRL  7.980 03/06/25 PUT,2.182,5000000000.0,8.0,6,1,2021-04-01,1.0,1,0.37938625462545855,0,1,0
RU000A0JWPA7,SOVCH  8.500 07/30/21 PUT,0.271,7000000000.0,8.0,6,1,2021-04-01,1.0,1,0.363602487891444,0,1,0
RU000A0JVVA7,FASPM 12.500 10/13/22,1.391,9000000000.0,8.0,8,1,2021-04-01,1.0,1,0.3996183912489771,0,1,0
RU000A0JTVJ2,FASPM  8.300 04/11/23 PUT,0.958,10000000000.0,8.0,6,1,2021-04-01,2.0,1,0.3873166460319124,0,1,0
RU000A100VX2,INOFC  7.900 09/26/29 PUT,6.306,7000000000.0,7.0,7,2,2021-04-01,3.0,0,0.32341938855175945,0,1,0
RU000A101D13,AFKS   7.100 01/26/23,1.665,10000000000.0,8.0,4,2,2021-04-01,2.0,0,0.5411691494065718,0,1,0
RU000A0JX1S1,ROSSI  6.650 11/27/31 PUT,1.5490000000000002,15000000000.0,9.0,8,1,2021-04-01,3.0,1,0.5023941751962238,0,1,0
RU000A101KK0,FASPM  6.750 03/26/24 PUT,2.665,6500000000.0,8.0,8,1,2021-04-01,3.0,0,0.5407772855552835,0,1,0
XS1946883342,ALFAB  9.350 08/06/22 MTN,1.222,10000000000.0,8.0,6,1,2021-04-01,-1.0,0,0.0,0,1,0
RU000A101S81,UNCRS  6.500 05/28/30 PUT,6.869,10000000000.0,8.0,3,2,2021-04-01,2.0,0,0.5010515021520793,0,1,0
XS1691350455,RUCAM  8.125 09/28/22 '22,1.143,20000000000.0,10.0,7,1,2021-04-01,-1.0,0,0.0,0,1,0
RU000A0JTLJ3,USMHD  7.650 01/27/23 PUT,1.6569999999999998,5000000000.0,7.0,6,2,2021-04-01,2.0,1,0.2968862497896829,0,1,0
RU000A0JTLL9,USMHD  7.650 01/27/23 PUT,1.658,5000000000.0,7.0,6,2,2021-04-01,2.0,1,0.3862189967563184,0,1,0
RU000A0JRMB2,FASPM  8.150 07/01/21 PUT,0.192,5000000000.0,8.0,6,1,2021-04-01,2.0,1,0.2951729711887685,0,1,0
RU000A0JRL96,FEES   8.500 06/22/21,0.17,10000000000.0,8.0,7,1,2021-04-01,2.0,1,0.5049271432994188,0,1,0
RU000A102CL3,RUGV   1.850 11/20/32,10.434,1250000000.0,8.0,7,1,2021-04-01,1.0,0,0.5361108467119142,1,0,0
RU000A101616,FASPM  5.000 Perp     '25,18.94,150000000.0,8.0,6,1,2021-05-01,3.0,0,0.5812399939464189,1,0,0
XS2159874002,LKOH   3.875 05/06/30,7.687,1500000000.0,10.0,8,1,2021-05-01,3.0,0,0.5187549653014492,0,0,1
XS2134628069,MMCFN  2.550 09/11/25 '25,3.8689999999999998,500000000.0,10.0,7,1,2021-05-01,3.0,0,0.4786548887813959,0,0,1
XS2291819980,GAZFI  2.950 01/27/29 MTN,6.8629999999999995,2000000000.0,9.0,8,1,2021-05-01,-1.0,0,0.0,0,0,1
XS0810596832,VTBR   9.500 Perp     '22 FRN,1.425,2250000000.0,10.0,7,1,2021-05-01,3.0,0,0.5948623292660876,0,0,1
XS2252958751,VON    3.375 11/25/27 '27 MTN,5.615,1250000000.0,9.0,6,1,2021-05-01,-1.0,0,0.0,0,0,1
XS1449458915,GOTRL  5.950 07/19/21,0.16899999999999998,254701000.0,10.0,5,2,2021-05-01,3.0,1,0.4503226387357012,0,0,1
XS1433454243,FLOT   5.375 06/16/23,1.956,498427000.0,10.0,6,1,2021-05-01,3.0,0,0.5170633514547508,0,0,1
XS1759468967,UNCRS  4.850 02/01/23,1.634,500000000.0,8.0,3,2,2021-05-01,-1.0,0,0.0,0,0,1
XS1400710726,VON    7.250 04/26/23 '23,1.615,700000000.0,10.0,5,2,2021-05-01,-1.0,0,0.0,0,0,1
XS1772800204,DMAIR  5.075 02/15/23 '22,1.4380000000000002,204719000.0,10.0,5,2,2021-05-01,-1.0,0,0.0,0,0,1
XS2010044548,CPPFD  4.500 09/19/24 '24,2.8989999999999996,300000000.0,8.0,4,2,2021-05-01,-1.0,0,0.0,0,0,1
XS2010044381,GTEPT  4.949 02/18/26,4.261,550000000.0,10.0,5,2,2021-05-01,3.0,1,0.4388611647147861,0,0,1
XS2063279959,ALFAB  5.950 04/15/30 '25 FRN,3.535,850000000.0,9.0,5,2,2021-05-01,3.0,0,0.0,0,0,1
XS2124187571,GAZFI  3.250 02/25/30 MTN,7.6389999999999985,2000000000.0,10.0,8,1,2021-05-01,3.0,1,0.6162674924940965,0,0,1
XS0841671000,SGEEL  5.900 10/17/22 MTN,1.3730000000000002,634051000.0,10.0,8,1,2021-05-01,3.0,1,0.0,0,0,1
XS0800817073,VEFNC  6.025 07/05/22,1.089,1000000000.0,10.0,7,1,2021-05-01,3.0,1,0.4625149675839959,0,0,1
XS0830192711,STGPN  4.375 09/19/22 MTN,1.305,1500000000.0,10.0,8,1,2021-05-01,3.0,1,0.4717359614577651,0,0,1
XS2183144810,AFHDS  2.700 06/11/23 MTN,1.989,350000000.0,9.0,5,2,2021-05-01,3.0,0,0.3629582221798177,1,0,0
XS0861981180,ROSNI  4.199 03/06/22 MTN,0.79,2000000000.0,10.0,7,1,2021-05-01,3.0,1,0.4619052390001796,0,0,1
XS1622146758,MMCFN  3.849 04/08/22 '22,0.64,500000000.0,10.0,7,1,2021-05-01,-1.0,0,0.0,0,0,1
XS1567051443,SGEEL  3.850 08/27/21,0.275,500000000.0,10.0,8,1,2021-05-01,-1.0,0,0.0,0,0,1
XS0743596040,STSBC  6.125 02/07/22 MTN,0.705,1500000000.0,10.0,7,1,2021-05-01,3.0,1,0.0,0,0,1
XS1634369067,BYGV   6.875 02/28/23,1.682,800000000.0,10.0,2,2,2021-05-01,3.0,0,0.0,0,0,1
XS2243631095,GAZFI  4.599 Perp     '25 FRN,4.016,1400000000.0,9.0,6,1,2021-05-01,3.0,0,0.4679268481992001,0,0,1
XS1951067039,CBOMF  5.150 02/20/24,2.622,327228000.0,10.0,4,2,2021-05-01,3.0,0,0.4300223535507662,1,0,0
XS2099763075,CBOMF  4.700 01/29/25,3.395,541000000.0,9.0,4,2,2021-05-01,3.0,0,0.4893302755861879,0,0,1
RU000A0JWV63,FASPM 14.250 Perp     '26,4.024,5000000000.0,7.0,6,2,2021-05-01,3.0,0,0.4888328921435172,0,1,0
RU000A0JVUK8,AFKS   9.750 09/30/25 PUT,0.87,5000000000.0,8.0,4,2,2021-05-01,3.0,1,0.5444063599225568,0,1,0
RU000A0JWYQ5,AFKS   6.350 10/30/26 PUT,4.678999999999999,6500000000.0,8.0,4,2,2021-05-01,3.0,1,0.3882649853888334,0,1,0
RU000A100V79,TCSX   8.250 09/12/29 PUT,6.1320000000000014,10000000000.0,7.0,4,2,2021-05-01,1.0,0,0.5124829439560823,0,1,0
RU000A0JXVE5,SVYIN  8.900 07/05/22,1.072,20000000000.0,9.0,6,1,2021-05-01,3.0,0,0.5250310086467972,0,1,0
RU000A0JX2F6,ROSB   6.550 12/20/26 PUT,1.516,5000000000.0,7.0,7,2,2021-05-01,2.0,1,0.0,0,1,0
RU000A0JWNB0,ROSB   7.500 07/21/26 PUT,0.183,7000000000.0,5.0,7,2,2021-05-01,2.0,1,0.2201346803907501,0,1,0
RU000A0JTM36,BANE   5.500 01/31/23 PUT,1.639,10000000000.0,9.0,7,1,2021-05-01,1.0,1,0.28159723438121004,0,1,0
RU000A0JTM51,BANE   5.500 01/31/23 PUT,1.631,5000000000.0,9.0,7,1,2021-05-01,1.0,1,0.2896399167163167,0,1,0
RU000A101MZ4,IIB    6.750 05/16/23,1.86,7000000000.0,6.0,10,3,2021-05-01,3.0,0,0.0,0,1,0
RU000A0ZZZN8,SVKBK 10.350 12/21/21,0.579,1650000000.0,8.0,6,1,2021-05-01,3.0,0,0.4655097449375696,0,1,0
RU000A1023K1,AFKS   6.700 08/26/30 PUT,6.945,10000000000.0,8.0,4,2,2021-05-01,1.0,1,0.4911439611953056,0,1,0
RU000A102GY7,HEDTR  6.450 12/11/23,2.37,4000000000.0,6.0,5,3,2021-05-01,3.0,0,0.5156531991328458,0,1,0
RU000A102RF3,PPFGP  6.850 02/06/26 PUT,2.521,5000000000.0,7.0,4,2,2021-05-01,1.0,0,0.4729562320826342,0,1,0
RU000A102SV8,AFKS   6.900 02/17/31,7.0680000000000005,5000000000.0,7.0,4,2,2021-05-01,1.0,0,0.518792706528225,0,1,0
RU000A0JW1P8,GOTRL  6.890 12/16/25 PUT,1.516,4000000000.0,8.0,6,1,2021-05-01,1.0,1,0.4353481610325908,0,1,0
RU000A0ZYNY4,GOTRL  5.000 12/31/32 FRN PUT,8.249,10000000000.0,8.0,6,1,2021-05-01,1.0,1,0.5016563456314087,0,1,0
RU000A0ZYR91,GOTRL  5.150 01/18/33 FRN PUT,8.314,10000000000.0,9.0,6,1,2021-05-01,1.0,1,0.4495837264963722,0,1,0
RU000A0ZZ1J8,GOTRL  7.350 03/18/33 PUT,7.933,10000000000.0,9.0,6,1,2021-05-01,1.0,1,0.5085241314219725,0,1,0
RU000A0ZZAW2,PIKK   5.700 06/23/21 FRN,0.10099999999999999,6000000000.0,9.0,4,2,2021-05-01,1.0,0,0.34081290252184243,0,1,0
RU000A0JVA10,GOTRL  7.980 03/06/25 PUT,2.113,5000000000.0,8.0,6,1,2021-05-01,1.0,1,0.3481278907827805,0,1,0
RU000A0JWPA7,SOVCH  8.500 07/30/21 PUT,0.203,7000000000.0,8.0,6,1,2021-05-01,1.0,1,0.3639225641644836,0,1,0
RU000A0JVVA7,FASPM 12.500 10/13/22,1.324,9000000000.0,8.0,8,1,2021-05-01,1.0,1,0.3897410217937021,0,1,0
RU000A0JTVJ2,FASPM  8.300 04/11/23 PUT,0.89,10000000000.0,8.0,6,1,2021-05-01,2.0,1,0.3774512083307903,0,1,0
RU000A100VX2,INOFC  7.900 09/26/29 PUT,6.242000000000001,7000000000.0,6.0,7,2,2021-05-01,3.0,0,0.32607970262477776,0,1,0
RU000A101D13,AFKS   7.100 01/26/23,1.5959999999999999,10000000000.0,8.0,4,2,2021-05-01,2.0,0,0.5571926674358452,0,1,0
RU000A0JX1S1,ROSSI  6.650 11/27/31 PUT,1.485,15000000000.0,8.0,8,1,2021-05-01,3.0,1,0.486329607705041,0,1,0
RU000A101KK0,FASPM  6.750 03/26/24 PUT,2.597,6500000000.0,7.0,8,3,2021-05-01,3.0,0,0.4846400418692196,0,1,0
XS1946883342,ALFAB  9.350 08/06/22 MTN,1.152,10000000000.0,8.0,6,1,2021-05-01,-1.0,0,0.0,0,1,0
RU000A101S81,UNCRS  6.500 05/28/30 PUT,6.813,10000000000.0,7.0,4,2,2021-05-01,2.0,0,0.5243551110002205,0,1,0
XS1691350455,RUCAM  8.125 09/28/22 '22,1.073,20000000000.0,9.0,7,1,2021-05-01,-1.0,0,0.0,0,1,0
RU000A0JTLJ3,USMHD  7.650 01/27/23 PUT,1.589,5000000000.0,8.0,6,1,2021-05-01,2.0,1,0.2432301052592077,0,1,0
RU000A0JTLL9,USMHD  7.650 01/27/23 PUT,1.589,5000000000.0,7.0,6,2,2021-05-01,2.0,1,0.45032547712124266,0,1,0
RU000A0JRMB2,FASPM  8.150 07/01/21 PUT,0.12300000000000001,5000000000.0,8.0,6,1,2021-05-01,2.0,1,0.2967194189268609,0,1,0
RU000A0JRL96,FEES   8.500 06/22/21,0.107,10000000000.0,8.0,7,1,2021-05-01,2.0,1,0.5975046105319844,0,1,0
RU000A0JS5R1,VNESH  6.200 03/17/22 PUT,0.8180000000000001,5000000000.0,7.0,5,3,2021-05-01,2.0,1,0.0,0,1,0
RU000A0JS603,VNESH  6.250 08/11/22 PUT,1.1909999999999998,5000000000.0,7.0,5,3,2021-05-01,2.0,1,0.0,0,1,0
RU000A102CL3,RUGV   1.850 11/20/32,10.366,1250000000.0,8.0,7,1,2021-05-01,1.0,0,0.431033537274045,1,0,0
RU000A101616,FASPM  5.000 Perp     '25,19.386,150000000.0,8.0,6,1,2021-06-01,3.0,0,0.5712895061219773,1,0,0
XS2159874002,LKOH   3.875 05/06/30,7.622000000000001,1500000000.0,10.0,8,1,2021-06-01,3.0,0,0.5268603933920986,0,0,1
XS2134628069,MMCFN  2.550 09/11/25 '25,3.7889999999999997,500000000.0,10.0,7,1,2021-06-01,3.0,0,0.4509825546350427,0,0,1
XS2291819980,GAZFI  2.950 01/27/29 MTN,6.787000000000001,2000000000.0,8.0,8,1,2021-06-01,-1.0,0,0.0,0,0,1
XS0810596832,VTBR   9.500 Perp     '22 FRN,1.4080000000000001,2250000000.0,10.0,7,1,2021-06-01,3.0,0,0.5919056511064089,0,0,1
XS2252958751,VON    3.375 11/25/27 '27 MTN,5.6320000000000014,1250000000.0,9.0,6,1,2021-06-01,-1.0,0,0.0,0,0,1
XS1449458915,GOTRL  5.950 07/19/21,0.092,254701000.0,10.0,5,2,2021-06-01,3.0,1,0.2594570054068527,0,0,1
XS1433454243,FLOT   5.375 06/16/23,1.926,498427000.0,10.0,6,1,2021-06-01,3.0,0,0.4742405486233551,0,0,1
XS1759468967,UNCRS  4.850 02/01/23,1.5590000000000002,500000000.0,8.0,3,2,2021-06-01,-1.0,0,0.0,0,0,1
XS1400710726,VON    7.250 04/26/23 '23,1.538,700000000.0,10.0,5,2,2021-06-01,-1.0,0,0.0,0,0,1
XS1772800204,DMAIR  5.075 02/15/23 '22,1.36,204719000.0,10.0,5,2,2021-06-01,-1.0,0,0.0,0,0,1
XS2010044548,CPPFD  4.500 09/19/24 '24,2.822,300000000.0,9.0,4,2,2021-06-01,-1.0,0,0.0,0,0,1
XS2010044381,GTEPT  4.949 02/18/26,4.1850000000000005,550000000.0,10.0,5,2,2021-06-01,3.0,1,0.4118505350721517,0,0,1
XS2063279959,ALFAB  5.950 04/15/30 '25 FRN,3.4610000000000003,850000000.0,9.0,5,2,2021-06-01,3.0,0,0.0,0,0,1
XS2124187571,GAZFI  3.250 02/25/30 MTN,7.569,2000000000.0,10.0,8,1,2021-06-01,3.0,1,0.5863949333392607,0,0,1
XS0841671000,SGEEL  5.900 10/17/22 MTN,1.295,634051000.0,10.0,8,1,2021-06-01,3.0,1,0.0,0,0,1
XS0800817073,VEFNC  6.025 07/05/22,1.011,1000000000.0,10.0,7,1,2021-06-01,3.0,1,0.4592977727842627,0,0,1
XS0830192711,STGPN  4.375 09/19/22 MTN,1.227,1500000000.0,10.0,8,1,2021-06-01,3.0,1,0.554078279866032,0,0,1
XS2183144810,AFHDS  2.700 06/11/23 MTN,1.96,350000000.0,10.0,5,2,2021-06-01,3.0,0,0.0,1,0,0
XS0861981180,ROSNI  4.199 03/06/22 MTN,0.7120000000000001,2000000000.0,10.0,7,1,2021-06-01,3.0,1,0.4536302760729768,0,0,1
XS1622146758,MMCFN  3.849 04/08/22 '22,0.562,500000000.0,10.0,7,1,2021-06-01,-1.0,0,0.0,0,0,1
XS1567051443,SGEEL  3.850 08/27/21,0.19699999999999998,500000000.0,10.0,8,1,2021-06-01,-1.0,0,0.0,0,0,1
XS0743596040,STSBC  6.125 02/07/22 MTN,0.627,1500000000.0,10.0,7,1,2021-06-01,3.0,1,0.0,0,0,1
XS1634369067,BYGV   6.875 02/28/23,1.604,800000000.0,10.0,2,2,2021-06-01,3.0,0,0.0,0,0,1
XS2243631095,GAZFI  4.599 Perp     '25 FRN,3.943,1400000000.0,9.0,6,1,2021-06-01,3.0,0,0.5656962901161414,0,0,1
XS1951067039,CBOMF  5.150 02/20/24,2.543,327228000.0,10.0,4,2,2021-06-01,3.0,0,0.4140656110081383,1,0,0
XS2099763075,CBOMF  4.700 01/29/25,3.321,541000000.0,9.0,4,2,2021-06-01,3.0,0,0.485984338660903,0,0,1
XS1533915721,EVRE   5.375 03/20/23,1.6869999999999998,750000000.0,10.0,6,1,2021-06-01,3.0,0,0.4388414760467104,0,0,1
RU000A0JWV63,FASPM 14.250 Perp     '26,3.933,5000000000.0,7.0,6,2,2021-06-01,3.0,0,0.4706905159896842,0,1,0
RU000A0JVUK8,AFKS   9.750 09/30/25 PUT,0.787,5000000000.0,9.0,4,2,2021-06-01,3.0,1,0.4101097940765737,0,1,0
RU000A0JWYQ5,AFKS   6.350 10/30/26 PUT,4.593999999999999,6500000000.0,8.0,4,2,2021-06-01,3.0,1,0.4128134144317553,0,1,0
RU000A100V79,TCSX   8.250 09/12/29 PUT,6.037999999999999,10000000000.0,8.0,4,2,2021-06-01,1.0,0,0.5070172411069018,0,1,0
RU000A0JXVE5,SVYIN  8.900 07/05/22,0.99,20000000000.0,9.0,6,1,2021-06-01,3.0,0,0.5182447631037781,0,1,0
RU000A0JX2F6,ROSB   6.550 12/20/26 PUT,1.429,5000000000.0,7.0,7,2,2021-06-01,2.0,1,0.0,0,1,0
RU000A0JWNB0,ROSB   7.500 07/21/26 PUT,0.10099999999999999,7000000000.0,7.0,7,2,2021-06-01,2.0,1,0.0,0,1,0
RU000A0JTM36,BANE   5.500 01/31/23 PUT,1.551,10000000000.0,9.0,7,1,2021-06-01,1.0,1,0.3111490660087285,0,1,0
RU000A0JTM51,BANE   5.500 01/31/23 PUT,1.548,5000000000.0,9.0,7,1,2021-06-01,1.0,1,0.3024406267313314,0,1,0
RU000A101MZ4,IIB    6.750 05/16/23,1.804,7000000000.0,7.0,10,3,2021-06-01,3.0,0,0.0,0,1,0
RU000A0ZZZN8,SVKBK 10.350 12/21/21,0.4970000000000001,1650000000.0,8.0,6,1,2021-06-01,3.0,0,0.4114766510502105,0,1,0
RU000A1023K1,AFKS   6.700 08/26/30 PUT,6.852,10000000000.0,9.0,4,2,2021-06-01,1.0,1,0.4926782606670974,0,1,0
RU000A102GY7,HEDTR  6.450 12/11/23,2.318,4000000000.0,7.0,6,2,2021-06-01,3.0,0,0.4931764857292037,0,1,0
RU000A102RF3,PPFGP  6.850 02/06/26 PUT,2.437,5000000000.0,8.0,4,2,2021-06-01,1.0,0,0.518073253249843,0,1,0
RU000A102SV8,AFKS   6.900 02/17/31,7.115,5000000000.0,9.0,4,2,2021-06-01,1.0,0,0.5357110520390456,0,1,0
RU000A0JW1P8,GOTRL  6.890 12/16/25 PUT,1.4340000000000002,4000000000.0,8.0,6,1,2021-06-01,1.0,1,0.3862315753207495,0,1,0
RU000A0ZYNY4,GOTRL  5.000 12/31/32 FRN PUT,8.059000000000001,10000000000.0,8.0,6,1,2021-06-01,1.0,1,0.4722275440192799,0,1,0
RU000A0ZYR91,GOTRL  5.150 01/18/33 FRN PUT,8.141,10000000000.0,9.0,6,1,2021-06-01,1.0,1,0.4807529266823794,0,1,0
RU000A0ZZ1J8,GOTRL  7.350 03/18/33 PUT,7.831,10000000000.0,9.0,6,1,2021-06-01,1.0,1,0.4904090824581149,0,1,0
RU000A0ZZAW2,PIKK   5.700 06/23/21 FRN,0.022000000000000002,6000000000.0,9.0,4,2,2021-06-01,1.0,0,0.3388709184448692,0,1,0
RU000A0JVA10,GOTRL  7.980 03/06/25 PUT,2.069,5000000000.0,8.0,6,1,2021-06-01,1.0,1,0.3956407793616081,0,1,0
RU000A0JWPA7,SOVCH  8.500 07/30/21 PUT,0.12,7000000000.0,8.0,6,1,2021-06-01,1.0,1,0.3500635076517436,0,1,0
RU000A0JVVA7,FASPM 12.500 10/13/22,1.2409999999999999,9000000000.0,7.0,8,3,2021-06-01,1.0,1,0.3597001141343993,0,1,0
RU000A0JTVJ2,FASPM  8.300 04/11/23 PUT,0.807,10000000000.0,8.0,6,1,2021-06-01,2.0,1,0.3801720013253939,0,1,0
RU000A100VX2,INOFC  7.900 09/26/29 PUT,6.1610000000000005,7000000000.0,6.0,7,2,2021-06-01,3.0,0,0.2773149692696269,0,1,0
RU000A101D13,AFKS   7.100 01/26/23,1.513,10000000000.0,8.0,4,2,2021-06-01,2.0,0,0.5549753258264074,0,1,0
RU000A0JX1S1,ROSSI  6.650 11/27/31 PUT,1.444,15000000000.0,9.0,8,1,2021-06-01,3.0,1,0.3298108053788592,0,1,0
RU000A101KK0,FASPM  6.750 03/26/24 PUT,2.513,6500000000.0,7.0,8,3,2021-06-01,3.0,0,0.4560671658400917,0,1,0
XS1946883342,ALFAB  9.350 08/06/22 MTN,1.074,10000000000.0,8.0,6,1,2021-06-01,-1.0,0,0.0,0,1,0
RU000A101S81,UNCRS  6.500 05/28/30 PUT,6.8260000000000005,10000000000.0,7.0,4,2,2021-06-01,2.0,0,0.5907970250080642,0,1,0
XS1691350455,RUCAM  8.125 09/28/22 '22,0.995,20000000000.0,10.0,7,1,2021-06-01,-1.0,0,0.0,0,1,0
RU000A0JTLJ3,USMHD  7.650 01/27/23 PUT,1.506,5000000000.0,9.0,6,1,2021-06-01,2.0,1,0.2418253711157729,0,1,0
RU000A0JTLL9,USMHD  7.650 01/27/23 PUT,1.506,5000000000.0,8.0,6,1,2021-06-01,2.0,1,0.2637903212228577,0,1,0
RU000A0JRMB2,FASPM  8.150 07/01/21 PUT,0.040999999999999995,5000000000.0,8.0,6,1,2021-06-01,2.0,1,0.3557229195389644,0,1,0
RU000A0JRL96,FEES   8.500 06/22/21,0.0,10000000000.0,8.0,7,1,2021-06-01,2.0,1,0.5917444407404508,0,1,0
RU000A102Y58,BRSSD  9.600 04/01/24,2.439,6000000000.0,7.0,3,3,2021-06-01,3.0,0,0.5977459385334624,0,1,0
RU000A0JS5R1,VNESH  6.200 03/17/22 PUT,0.736,5000000000.0,6.0,5,3,2021-06-01,2.0,1,0.0,0,1,0
RU000A0JS603,VNESH  6.250 08/11/22 PUT,1.1079999999999999,5000000000.0,6.0,5,3,2021-06-01,2.0,1,0.0,0,1,0
RU000A102CL3,RUGV   1.850 11/20/32,10.280999999999999,1250000000.0,8.0,7,1,2021-06-01,1.0,0,0.4574121407803729,1,0,0
RU000A101616,FASPM  5.000 Perp     '25,19.336,150000000.0,8.0,6,1,2021-07-01,3.0,0,0.4174283333422959,1,0,0
XS2159874002,LKOH   3.875 05/06/30,7.526,1500000000.0,10.0,8,1,2021-07-01,3.0,0,0.4942305723583154,0,0,1
XS2134628069,MMCFN  2.550 09/11/25 '25,3.697,500000000.0,10.0,7,1,2021-07-01,3.0,0,0.4103473812799375,0,0,1
XS2291819980,GAZFI  2.950 01/27/29 MTN,6.694,2000000000.0,9.0,8,1,2021-07-01,-1.0,0,0.0,0,0,1
XS0810596832,VTBR   9.500 Perp     '22 FRN,1.314,2250000000.0,10.0,7,1,2021-07-01,3.0,0,0.5928592960371033,0,0,1
XS2252958751,VON    3.375 11/25/27 '27 MTN,5.5360000000000005,1250000000.0,9.0,6,1,2021-07-01,-1.0,0,0.0,0,0,1
XS1449458915,GOTRL  5.950 07/19/21,0.0,254701000.0,10.0,5,2,2021-07-01,3.0,1,0.2672300845990953,0,0,1
XS1433454243,FLOT   5.375 06/16/23,1.8319999999999999,498427000.0,10.0,7,1,2021-07-01,3.0,0,0.4469345346023803,0,0,1
XS1759468967,UNCRS  4.850 02/01/23,1.482,500000000.0,8.0,3,2,2021-07-01,-1.0,0,0.0,0,0,1
XS1400710726,VON    7.250 04/26/23 '23,1.443,700000000.0,10.0,5,2,2021-07-01,-1.0,0,0.0,0,0,1
XS1772800204,DMAIR  5.075 02/15/23 '22,1.266,204719000.0,10.0,5,2,2021-07-01,-1.0,0,0.0,0,0,1
XS2010044548,CPPFD  4.500 09/19/24 '24,2.727,300000000.0,9.0,4,2,2021-07-01,-1.0,0,0.0,0,0,1
XS2010044381,GTEPT  4.949 02/18/26,4.09,550000000.0,10.0,5,2,2021-07-01,3.0,1,0.4115716576965031,0,0,1
XS2063279959,ALFAB  5.950 04/15/30 '25 FRN,3.366,850000000.0,10.0,5,2,2021-07-01,3.0,0,0.3493276323276079,0,0,1
XS2124187571,GAZFI  3.250 02/25/30 MTN,7.47,2000000000.0,10.0,8,1,2021-07-01,3.0,1,0.540454669896891,0,0,1
XS0841671000,SGEEL  5.900 10/17/22 MTN,1.2009999999999998,634051000.0,10.0,8,1,2021-07-01,3.0,1,0.0,0,0,1
XS0800817073,VEFNC  6.025 07/05/22,0.944,1000000000.0,10.0,7,1,2021-07-01,3.0,1,0.4988969134697998,0,0,1
XS0830192711,STGPN  4.375 09/19/22 MTN,1.133,1500000000.0,10.0,8,1,2021-07-01,3.0,1,0.5659706806257094,0,0,1
XS2183144810,AFHDS  2.700 06/11/23 MTN,1.867,350000000.0,10.0,5,2,2021-07-01,3.0,0,0.2374514086436796,1,0,0
XS0861981180,ROSNI  4.199 03/06/22 MTN,0.618,2000000000.0,10.0,7,1,2021-07-01,3.0,1,0.4460139134093383,0,0,1
XS1622146758,MMCFN  3.849 04/08/22 '22,0.46799999999999997,500000000.0,10.0,7,1,2021-07-01,-1.0,0,0.0,0,0,1
XS1567051443,SGEEL  3.850 08/27/21,0.103,500000000.0,10.0,8,1,2021-07-01,-1.0,0,0.0,0,0,1
XS0743596040,STSBC  6.125 02/07/22 MTN,0.5329999999999999,1500000000.0,10.0,7,1,2021-07-01,3.0,1,0.4438151520897612,0,0,1
XS1634369067,BYGV   6.875 02/28/23,1.508,800000000.0,10.0,2,2,2021-07-01,3.0,0,0.0,0,0,1
XS2243631095,GAZFI  4.599 Perp     '25 FRN,3.8510000000000004,1400000000.0,10.0,6,1,2021-07-01,3.0,0,0.5376128445589053,0,0,1
XS1951067039,CBOMF  5.150 02/20/24,2.45,327228000.0,10.0,4,2,2021-07-01,3.0,0,0.4157129173119203,1,0,0
XS2099763075,CBOMF  4.700 01/29/25,3.2260000000000004,541000000.0,10.0,4,2,2021-07-01,3.0,0,0.4670640127351666,0,0,1
XS1533915721,EVRE   5.375 03/20/23,1.5919999999999999,750000000.0,10.0,6,1,2021-07-01,3.0,0,0.5069283736997783,0,0,1
XS2239639433,MAILR  1.625 10/01/25 CVT,0.0,400000000.0,8.0,6,1,2021-07-01,-1.0,0,0.0,0,0,1
RU000A0JWV63,FASPM 14.250 Perp     '26,3.841,5000000000.0,7.0,6,2,2021-07-01,3.0,0,0.4395647260145431,0,1,0
RU000A0JVUK8,AFKS   9.750 09/30/25 PUT,0.6970000000000001,5000000000.0,8.0,5,2,2021-07-01,3.0,1,0.4105691957503695,0,1,0
RU000A0JWYQ5,AFKS   6.350 10/30/26 PUT,4.504,6500000000.0,9.0,5,2,2021-07-01,3.0,1,0.3876551413467267,0,1,0
RU000A100V79,TCSX   8.250 09/12/29 PUT,5.947,10000000000.0,8.0,4,2,2021-07-01,1.0,0,0.563355198623084,0,1,0
RU000A0JXVE5,SVYIN  8.900 07/05/22,0.941,20000000000.0,9.0,6,1,2021-07-01,3.0,0,0.4992697960936861,0,1,0
RU000A0JX2F6,ROSB   6.550 12/20/26 PUT,1.39,5000000000.0,7.0,7,2,2021-07-01,2.0,1,0.2273991719118865,0,1,0
RU000A0JWNB0,ROSB   7.500 07/21/26 PUT,0.0,7000000000.0,7.0,7,2,2021-07-01,2.0,1,0.16919033873677766,0,1,0
RU000A0JTM36,BANE   5.500 01/31/23 PUT,1.466,10000000000.0,9.0,7,1,2021-07-01,1.0,1,0.34744387789378384,0,1,0
RU000A0JTM51,BANE   5.500 01/31/23 PUT,1.4580000000000002,5000000000.0,9.0,7,1,2021-07-01,1.0,1,0.33137988657548284,0,1,0
RU000A101MZ4,IIB    6.750 05/16/23,1.719,7000000000.0,6.0,10,3,2021-07-01,3.0,0,0.0,0,1,0
RU000A0ZZZN8,SVKBK 10.350 12/21/21,0.418,1200000000.0,8.0,6,1,2021-07-01,3.0,0,0.4036273960578968,0,1,0
RU000A1023K1,AFKS   6.700 08/26/30 PUT,6.751,10000000000.0,8.0,5,2,2021-07-01,1.0,1,0.4759730424408422,0,1,0
RU000A102GY7,HEDTR  6.450 12/11/23,2.2319999999999998,4000000000.0,7.0,6,2,2021-07-01,3.0,0,0.4950286411865869,0,1,0
RU000A102RF3,PPFGP  6.850 02/06/26 PUT,2.346,5000000000.0,8.0,4,2,2021-07-01,1.0,0,0.5207226837528075,0,1,0
RU000A102SV8,AFKS   6.900 02/17/31,7.002999999999999,5000000000.0,9.0,5,2,2021-07-01,1.0,0,0.43010187250427423,0,1,0
RU000A0JW1P8,GOTRL  6.890 12/16/25 PUT,1.367,4000000000.0,8.0,6,1,2021-07-01,1.0,1,0.3675030702772997,0,1,0
RU000A0ZYNY4,GOTRL  6.250 12/31/32 FRN PUT,8.068,10000000000.0,8.0,6,1,2021-07-01,1.0,1,0.4936508706811159,0,1,0
RU000A0ZYR91,GOTRL  5.150 01/18/33 FRN PUT,7.867000000000001,10000000000.0,9.0,6,1,2021-07-01,1.0,1,0.4547963474216539,0,1,0
RU000A0ZZ1J8,GOTRL  7.350 03/18/33 PUT,7.854,10000000000.0,9.0,6,1,2021-07-01,1.0,1,0.4386882545889306,0,1,0
RU000A0JVA10,GOTRL  7.980 03/06/25 PUT,1.98,5000000000.0,8.0,6,1,2021-07-01,1.0,1,0.4319174635967272,0,1,0
RU000A0JWPA7,SOVCH  8.500 07/30/21 PUT,0.03,7000000000.0,8.0,6,1,2021-07-01,1.0,1,0.3820193397987592,0,1,0
RU000A0JVVA7,FASPM 12.500 10/13/22,1.151,9000000000.0,8.0,8,1,2021-07-01,1.0,1,0.4874349292154852,0,1,0
RU000A0JTVJ2,FASPM  8.300 04/11/23 PUT,0.7170000000000001,10000000000.0,8.0,6,1,2021-07-01,2.0,1,0.4325024150357764,0,1,0
RU000A100VX2,INOFC  7.900 09/26/29 PUT,6.067,7000000000.0,6.0,7,2,2021-07-01,3.0,0,0.22181770512605886,0,1,0
RU000A1008V9,FASPM  7.660 03/27/28 FRN,0.0,13400000000.0,9.0,8,2,2021-07-01,1.0,1,0.4298176198033684,0,1,0
RU000A101D13,AFKS   7.100 01/26/23,1.422,10000000000.0,8.0,4,2,2021-07-01,2.0,0,0.5743833846401025,0,1,0
RU000A0JX1S1,ROSSI  6.650 11/27/31 PUT,1.36,15000000000.0,8.0,8,1,2021-07-01,3.0,1,0.3003196425361189,0,1,0
RU000A101KK0,FASPM  6.750 03/26/24 PUT,2.463,6500000000.0,8.0,8,1,2021-07-01,3.0,0,0.4413746431199176,0,1,0
XS1946883342,ALFAB  9.350 08/06/22 MTN,0.9790000000000001,10000000000.0,8.0,6,1,2021-07-01,-1.0,0,0.0,0,1,0
RU000A101S81,UNCRS  6.500 05/28/30 PUT,6.729,10000000000.0,8.0,4,2,2021-07-01,2.0,0,0.551403412283452,0,1,0
XS1691350455,RUCAM  8.125 09/28/22 '22,0.9009999999999999,20000000000.0,10.0,7,1,2021-07-01,-1.0,0,0.0,0,1,0
RU000A0JTLJ3,USMHD  7.650 01/27/23 PUT,1.416,5000000000.0,8.0,6,1,2021-07-01,2.0,1,0.2320298741955197,0,1,0
RU000A0JTLL9,USMHD  7.650 01/27/23 PUT,1.416,5000000000.0,8.0,6,1,2021-07-01,2.0,1,0.2451399140896769,0,1,0
RU000A102Y58,BRSSD  9.600 04/01/24,2.414,6000000000.0,6.0,3,3,2021-07-01,3.0,0,0.5826319102951311,0,1,0
RU000A0JS5R1,VNESH  6.200 03/17/22 PUT,0.645,5000000000.0,6.0,5,3,2021-07-01,2.0,1,0.0,0,1,0
RU000A0JS603,VNESH  6.250 08/11/22 PUT,1.018,5000000000.0,6.0,5,3,2021-07-01,2.0,1,0.0,0,1,0
RU000A0JXSF8,TRMK   7.600 05/21/27 PUT,4.774,10000000000.0,7.0,3,3,2021-07-01,2.0,0,0.7152361877830983,0,1,0
RU000A102CL3,RUGV   1.850 11/20/32,10.193999999999999,1250000000.0,9.0,7,1,2021-07-01,1.0,0,0.4490402245350848,1,0,0
RU000A101616,FASPM  5.000 Perp     '25,19.176,150000000.0,8.0,6,1,2021-08-01,3.0,0,0.3962450637851032,1,0,0
XS2159874002,LKOH   3.875 05/06/30,7.444,1500000000.0,10.0,8,1,2021-08-01,3.0,0,0.4874425003032363,0,0,1
XS2134628069,MMCFN  2.550 09/11/25 '25,3.614,500000000.0,10.0,7,1,2021-08-01,3.0,0,0.4581628263221229,0,0,1
XS2291819980,GAZFI  2.950 01/27/29 MTN,6.711,2000000000.0,9.0,8,1,2021-08-01,-1.0,0,0.0,0,0,1
XS0810596832,VTBR   9.500 Perp     '22 FRN,1.2309999999999999,2250000000.0,10.0,7,1,2021-08-01,3.0,0,0.5913521218462092,0,0,1
XS2252958751,VON    3.375 11/25/27 '27 MTN,5.456,1250000000.0,8.0,6,1,2021-08-01,-1.0,0,0.0,0,0,1
XS1433454243,FLOT   5.375 06/16/23,1.7480000000000002,498427000.0,10.0,7,1,2021-08-01,3.0,0,0.41177181279883296,0,0,1
XS1759468967,UNCRS  4.850 02/01/23,1.413,500000000.0,8.0,3,2,2021-08-01,-1.0,0,0.0,0,0,1
XS1400710726,VON    7.250 04/26/23 '23,1.36,700000000.0,10.0,5,2,2021-08-01,-1.0,0,0.0,0,0,1
XS1772800204,DMAIR  5.075 02/15/23 '22,1.212,204719000.0,10.0,5,2,2021-08-01,3.0,0,0.30540436261358994,0,0,1
XS2010044548,CPPFD  4.500 09/19/24 '24,2.6439999999999997,300000000.0,9.0,4,2,2021-08-01,-1.0,0,0.0,0,0,1
XS2010044381,GTEPT  4.949 02/18/26,4.101,550000000.0,10.0,5,2,2021-08-01,3.0,1,0.4236296925668295,0,0,1
XS2063279959,ALFAB  5.950 04/15/30 '25 FRN,3.283,850000000.0,10.0,5,2,2021-08-01,3.0,0,0.4070765695322544,0,0,1
XS2124187571,GAZFI  3.250 02/25/30 MTN,7.388,2000000000.0,10.0,8,1,2021-08-01,3.0,1,0.5573584998390506,0,0,1
XS0841671000,SGEEL  5.900 10/17/22 MTN,1.117,634051000.0,10.0,8,1,2021-08-01,3.0,1,0.0,0,0,1
XS0800817073,VEFNC  6.025 07/05/22,0.861,1000000000.0,10.0,7,1,2021-08-01,3.0,1,0.5821085905210833,0,0,1
XS0830192711,STGPN  4.375 09/19/22 MTN,1.0490000000000002,1500000000.0,10.0,8,1,2021-08-01,3.0,1,0.5414917725333359,0,0,1
XS2183144810,AFHDS  2.700 06/11/23 MTN,1.7819999999999998,350000000.0,10.0,5,2,2021-08-01,3.0,0,0.0,1,0,0
XS0861981180,ROSNI  4.199 03/06/22 MTN,0.534,2000000000.0,10.0,7,1,2021-08-01,3.0,1,0.558034028365168,0,0,1
XS1622146758,MMCFN  3.849 04/08/22 '22,0.384,500000000.0,10.0,7,1,2021-08-01,-1.0,0,0.0,0,0,1
XS1567051443,SGEEL  3.850 08/27/21,0.019,500000000.0,10.0,8,2,2021-08-01,-1.0,0,0.0,0,0,1
XS0743596040,STSBC  6.125 02/07/22 MTN,0.46399999999999997,1500000000.0,10.0,7,1,2021-08-01,3.0,1,0.31400386410747483,0,0,1
XS1634369067,BYGV   6.875 02/28/23,1.425,800000000.0,10.0,2,2,2021-08-01,3.0,0,0.0,0,0,1
XS2243631095,GAZFI  4.599 Perp     '25 FRN,3.852,1400000000.0,10.0,6,1,2021-08-01,3.0,0,0.4509874278449505,0,0,1
XS1951067039,CBOMF  5.150 02/20/24,2.366,327228000.0,10.0,5,2,2021-08-01,3.0,0,0.3997191695569779,1,0,0
XS2099763075,CBOMF  4.700 01/29/25,3.216,541000000.0,10.0,5,2,2021-08-01,3.0,0,0.5267981769366928,0,0,1
XS1533915721,EVRE   5.375 03/20/23,1.509,750000000.0,10.0,6,1,2021-08-01,3.0,0,0.5432568340615319,0,0,1
XS2239639433,MAILR  1.625 10/01/25 CVT,0.0,400000000.0,7.0,6,2,2021-08-01,-1.0,0,0.0,0,0,1
RU000A0JWV63,FASPM 14.250 Perp     '26,3.75,5000000000.0,7.0,6,2,2021-08-01,3.0,0,0.462778442189163,0,1,0
RU000A0JVUK8,AFKS   9.750 09/30/25 PUT,0.612,5000000000.0,8.0,5,2,2021-08-01,3.0,1,0.4194616027436806,0,1,0
RU000A0JWYQ5,AFKS   6.350 10/30/26 PUT,4.418,6500000000.0,9.0,5,2,2021-08-01,3.0,1,0.3936714874777473,0,1,0
RU000A100V79,TCSX   8.250 09/12/29 PUT,5.859,10000000000.0,8.0,4,2,2021-08-01,1.0,0,0.5852127541964465,0,1,0
RU000A0JXVE5,SVYIN  8.900 07/05/22,0.856,20000000000.0,9.0,6,1,2021-08-01,3.0,0,0.5264888855654717,0,1,0
RU000A0JX2F6,ROSB   6.550 12/20/26 PUT,1.2990000000000002,5000000000.0,7.0,7,2,2021-08-01,2.0,1,0.2332677002195881,0,1,0
RU000A0JTM36,BANE   5.500 01/31/23 PUT,1.415,10000000000.0,8.0,7,1,2021-08-01,1.0,1,0.5597053002377664,0,1,0
RU000A0JTM51,BANE   5.500 01/31/23 PUT,1.412,5000000000.0,8.0,7,1,2021-08-01,1.0,1,0.5335313012248112,0,1,0
RU000A101MZ4,IIB    6.750 05/16/23,1.656,7000000000.0,6.0,10,3,2021-08-01,3.0,0,0.18118052412535893,0,1,0
RU000A0ZZZN8,SVKBK 10.350 12/21/21,0.33299999999999996,1200000000.0,8.0,6,1,2021-08-01,3.0,0,0.4230998524923403,0,1,0
RU000A1023K1,AFKS   6.700 08/26/30 PUT,6.6679999999999975,10000000000.0,8.0,5,2,2021-08-01,1.0,1,0.4730145698660936,0,1,0
RU000A102GY7,HEDTR  6.450 12/11/23,2.142,4000000000.0,7.0,6,2,2021-08-01,3.0,0,0.4548529401286705,0,1,0
RU000A102RF3,PPFGP  6.850 02/06/26 PUT,2.302,5000000000.0,8.0,4,2,2021-08-01,1.0,0,0.5568154582259635,0,1,0
RU000A102SV8,AFKS   6.900 02/17/31,6.92,5000000000.0,9.0,5,2,2021-08-01,1.0,0,0.4848312936662218,0,1,0
RU000A0JW1P8,GOTRL  6.890 12/16/25 PUT,1.2819999999999998,4000000000.0,8.0,6,1,2021-08-01,1.0,1,0.3539753181172481,0,1,0
RU000A0ZYNY4,GOTRL  6.250 12/31/32 FRN PUT,7.6389999999999985,10000000000.0,8.0,6,1,2021-08-01,1.0,1,0.476362357672029,0,1,0
RU000A0ZYR91,GOTRL  6.150 01/18/33 FRN PUT,7.659,10000000000.0,9.0,6,1,2021-08-01,1.0,1,0.46324096189701097,0,1,0
RU000A0ZZ1J8,GOTRL  7.350 03/18/33 PUT,7.798999999999999,10000000000.0,9.0,6,1,2021-08-01,1.0,1,0.4631552151505257,0,1,0
RU000A0JVA10,GOTRL  7.980 03/06/25 PUT,1.894,5000000000.0,7.0,6,2,2021-08-01,1.0,1,0.4521968600524794,0,1,0
RU000A0JVVA7,FASPM 12.500 10/13/22,1.065,9000000000.0,7.0,8,3,2021-08-01,1.0,1,0.4308502624361628,0,1,0
RU000A0JTVJ2,FASPM  8.300 04/11/23 PUT,0.632,10000000000.0,8.0,6,1,2021-08-01,2.0,1,0.4452550344603067,0,1,0
RU000A100VX2,INOFC  7.900 09/26/29 PUT,6.001,7000000000.0,5.0,7,2,2021-08-01,3.0,0,0.2141853541451506,0,1,0
RU000A101D13,AFKS   7.100 01/26/23,1.388,10000000000.0,8.0,4,2,2021-08-01,2.0,0,0.543292385047573,0,1,0
RU000A0JX1S1,ROSSI  6.650 11/27/31 PUT,1.269,15000000000.0,9.0,8,1,2021-08-01,3.0,1,0.4428993224335327,0,1,0
RU000A101KK0,FASPM  6.750 03/26/24 PUT,2.38,6500000000.0,8.0,8,1,2021-08-01,3.0,0,0.4367181195480052,0,1,0
XS1946883342,ALFAB  9.350 08/06/22 MTN,0.939,10000000000.0,9.0,6,1,2021-08-01,-1.0,0,0.0,0,1,0
RU000A101S81,UNCRS  6.500 05/28/30 PUT,6.643,10000000000.0,7.0,4,2,2021-08-01,2.0,0,0.4569396830994893,0,1,0
XS1691350455,RUCAM  8.125 09/28/22 '22,0.8170000000000001,20000000000.0,9.0,7,1,2021-08-01,-1.0,0,0.0,0,1,0
RU000A0JTLJ3,USMHD  7.650 01/27/23 PUT,1.384,5000000000.0,8.0,6,1,2021-08-01,2.0,1,0.2514133892988812,0,1,0
RU000A0JTLL9,USMHD  7.650 01/27/23 PUT,1.384,5000000000.0,7.0,6,2,2021-08-01,2.0,1,0.4267546198879009,0,1,0
RU000A102Y58,BRSSD  9.600 04/01/24,2.32,6000000000.0,6.0,3,3,2021-08-01,3.0,0,0.5586117807631459,0,1,0
RU000A0JS5R1,VNESH  6.200 03/17/22 PUT,0.56,5000000000.0,6.0,1,3,2021-08-01,3.0,1,0.0,0,1,0
RU000A0JS603,VNESH  6.250 08/11/22 PUT,0.963,5000000000.0,6.0,1,3,2021-08-01,3.0,1,0.0,0,1,0
RU000A0JXSF8,TRMK   7.600 05/21/27 PUT,4.686,10000000000.0,7.0,3,3,2021-08-01,2.0,0,0.5038557912727399,0,1,0
RU000A102CL3,RUGV   1.850 11/20/32,10.115,1250000000.0,9.0,7,1,2021-08-01,1.0,0,0.4099593470874888,1,0,0
RU000A101616,FASPM  5.000 Perp     '25,19.345,150000000.0,8.0,6,1,2021-09-01,3.0,0,0.4587824290760866,1,0,0
XS2159874002,LKOH   3.875 05/06/30,7.372000000000001,1500000000.0,10.0,8,1,2021-09-01,3.0,0,0.4716777891431661,0,0,1
XS2134628069,MMCFN  2.550 09/11/25 '25,3.5839999999999996,500000000.0,10.0,7,1,2021-09-01,3.0,0,0.5074806655949033,0,0,1
XS2291819980,GAZFI  2.950 01/27/29 MTN,6.641,2000000000.0,10.0,8,1,2021-09-01,3.0,0,0.0,0,0,1
XS0810596832,VTBR   9.500 Perp     '22 FRN,1.156,2250000000.0,10.0,7,1,2021-09-01,3.0,0,0.5645513755789954,0,0,1
XS2252958751,VON    3.375 11/25/27 '27 MTN,5.3839999999999995,1250000000.0,9.0,6,1,2021-09-01,-1.0,0,0.0,0,0,1
XS1433454243,FLOT   5.375 06/16/23,1.673,498427000.0,10.0,7,1,2021-09-01,3.0,0,0.3753612126681221,0,0,1
XS1759468967,UNCRS  4.850 02/01/23,1.338,500000000.0,8.0,4,2,2021-09-01,-1.0,0,0.0,0,0,1
XS1400710726,VON    7.250 04/26/23 '23,1.285,700000000.0,10.0,5,2,2021-09-01,-1.0,0,0.0,0,0,1
XS1772800204,DMAIR  5.075 02/15/23 '22,1.137,204719000.0,10.0,5,2,2021-09-01,3.0,0,0.3675688961783901,0,0,1
XS2010044548,CPPFD  4.500 09/19/24 '24,2.569,300000000.0,8.0,4,2,2021-09-01,-1.0,0,0.0,0,0,1
XS2010044381,GTEPT  4.949 02/18/26,4.026,550000000.0,10.0,5,2,2021-09-01,3.0,1,0.39985856244750784,0,0,1
XS2063279959,ALFAB  5.950 04/15/30 '25 FRN,3.2089999999999996,850000000.0,10.0,5,2,2021-09-01,3.0,0,0.5113506619755285,0,0,1
XS2124187571,GAZFI  3.250 02/25/30 MTN,7.439,2000000000.0,10.0,8,1,2021-09-01,3.0,1,0.5619643061064041,0,0,1
XS0841671000,SGEEL  5.900 10/17/22 MTN,1.043,634051000.0,10.0,8,1,2021-09-01,3.0,1,0.0,0,0,1
XS0800817073,VEFNC  6.025 07/05/22,0.7859999999999999,1000000000.0,10.0,7,1,2021-09-01,3.0,1,0.7062776394159272,0,0,1
XS0830192711,STGPN  4.375 09/19/22 MTN,0.975,1500000000.0,10.0,8,1,2021-09-01,3.0,1,0.4182164825827465,0,0,1
XS2183144810,AFHDS  2.700 06/11/23 MTN,1.706,350000000.0,10.0,5,2,2021-09-01,3.0,0,0.2389688234569836,1,0,0
XS0861981180,ROSNI  4.199 03/06/22 MTN,0.469,2000000000.0,10.0,7,1,2021-09-01,3.0,1,0.5458170171209225,0,0,1
XS1622146758,MMCFN  3.849 04/08/22 '22,0.309,500000000.0,10.0,7,1,2021-09-01,-1.0,0,0.0,0,0,1
XS0743596040,STSBC  6.125 02/07/22 MTN,0.389,1500000000.0,10.0,7,1,2021-09-01,3.0,1,0.0,0,0,1
XS1634369067,BYGV   6.875 02/28/23,1.399,800000000.0,10.0,2,2,2021-09-01,3.0,0,0.30325500981365083,0,0,1
XS2243631095,GAZFI  4.599 Perp     '25 FRN,3.778,1400000000.0,10.0,6,1,2021-09-01,3.0,0,0.4707957911576072,0,0,1
XS1951067039,CBOMF  5.150 02/20/24,2.2920000000000003,327228000.0,10.0,5,2,2021-09-01,3.0,0,0.5498411977375992,1,0,0
XS2099763075,CBOMF  4.700 01/29/25,3.142,541000000.0,10.0,5,2,2021-09-01,3.0,0,0.5331218610519172,0,0,1
XS1533915721,EVRE   5.375 03/20/23,1.4340000000000002,750000000.0,10.0,6,1,2021-09-01,3.0,0,0.4902855489469866,0,0,1
RU000A0JWV63,FASPM 14.250 Perp     '26,3.6719999999999997,5000000000.0,7.0,6,2,2021-09-01,3.0,0,0.4794149024157539,0,1,0
RU000A0JVUK8,AFKS   9.750 09/30/25 PUT,0.535,5000000000.0,9.0,5,2,2021-09-01,3.0,1,0.3880270127980873,0,1,0
RU000A0JWYQ5,AFKS   6.350 10/30/26 PUT,4.337,6500000000.0,9.0,5,2,2021-09-01,3.0,1,0.3660871046028326,0,1,0
RU000A100V79,TCSX   8.250 09/12/29 PUT,5.78,10000000000.0,8.0,4,2,2021-09-01,1.0,0,0.6075700065395132,0,1,0
RU000A0JXVE5,SVYIN  8.900 07/05/22,0.779,20000000000.0,9.0,6,1,2021-09-01,3.0,0,0.445877175153332,0,1,0
RU000A0JX2F6,ROSB   6.550 12/20/26 PUT,1.222,5000000000.0,7.0,7,2,2021-09-01,2.0,1,0.22366021051152474,0,1,0
RU000A0JTM36,BANE   5.500 01/31/23 PUT,1.338,10000000000.0,9.0,7,1,2021-09-01,1.0,1,0.2870709774765012,0,1,0
RU000A0JTM51,BANE   5.500 01/31/23 PUT,1.335,5000000000.0,9.0,7,1,2021-09-01,1.0,1,0.2757446115288124,0,1,0
RU000A101MZ4,IIB    6.750 05/16/23,1.58,7000000000.0,6.0,10,3,2021-09-01,3.0,0,0.23695673104161674,0,1,0
RU000A0ZZZN8,SVKBK 10.350 12/21/21,0.257,1200000000.0,8.0,6,1,2021-09-01,3.0,0,0.3998030277768346,0,1,0
RU000A1023K1,AFKS   6.700 08/26/30 PUT,6.808,10000000000.0,9.0,5,2,2021-09-01,1.0,1,0.5801534521010132,0,1,0
RU000A102GY7,HEDTR  6.450 12/11/23,2.099,4000000000.0,7.0,6,2,2021-09-01,3.0,0,0.4466311801603671,0,1,0
RU000A102RF3,PPFGP  6.850 02/06/26 PUT,2.225,5000000000.0,8.0,4,2,2021-09-01,1.0,0,0.5056013512198627,0,1,0
RU000A0JW1P8,GTLK   6.890 12/16/25 PUT,1.206,4000000000.0,7.0,6,2,2021-09-01,1.0,1,0.3427834333935387,0,1,0
RU000A0ZYNY4,GTLK   6.250 12/31/32 FRN PUT,7.443,10000000000.0,8.0,6,1,2021-09-01,1.0,1,0.44624405286985663,0,1,0
RU000A0ZYR91,GTLK   6.150 01/18/33 FRN PUT,7.472,10000000000.0,9.0,6,1,2021-09-01,1.0,1,0.4449405167541533,0,1,0
RU000A0ZZ1J8,GTLK   7.350 03/18/33 PUT,7.711,10000000000.0,9.0,6,1,2021-09-01,1.0,1,0.4643521308223239,0,1,0
RU000A0JVA10,GTLK   7.980 03/06/25 PUT,1.854,5000000000.0,8.0,6,1,2021-09-01,1.0,1,0.4295811708096355,0,1,0
RU000A0JVVA7,FASPM 12.500 10/13/22,0.988,9000000000.0,8.0,8,1,2021-09-01,1.0,1,0.3452438768950428,0,1,0
RU000A0JTVJ2,FASPM  8.300 04/11/23 PUT,0.555,10000000000.0,8.0,6,1,2021-09-01,2.0,1,0.6072174796897728,0,1,0
RU000A100VX2,INOFC  7.900 09/26/29 PUT,5.879,7000000000.0,7.0,7,2,2021-09-01,3.0,0,0.3691897273554788,0,1,0
RU000A101D13,AFKS   7.100 01/26/23,1.311,10000000000.0,8.0,4,2,2021-09-01,2.0,0,0.5079147688722079,0,1,0
RU000A0JX1S1,ROSSI  6.650 11/27/31 PUT,1.192,15000000000.0,9.0,8,1,2021-09-01,3.0,1,0.5285114295354765,0,1,0
RU000A101KK0,FASPM  6.750 03/26/24 PUT,2.303,6500000000.0,8.0,8,1,2021-09-01,3.0,0,0.4233590408663422,0,1,0
XS1946883342,ALFAB  9.350 08/06/22 MTN,0.8640000000000001,10000000000.0,8.0,6,1,2021-09-01,-1.0,0,0.0,0,1,0
RU000A101S81,UNCRS  6.500 05/28/30 PUT,6.676,10000000000.0,8.0,4,2,2021-09-01,2.0,0,0.4818065418277869,0,1,0
XS1691350455,RUCAM  8.125 09/28/22 '22,0.742,20000000000.0,10.0,7,1,2021-09-01,-1.0,0,0.0,0,1,0
RU000A0JTLJ3,USMHD  7.650 01/27/23 PUT,1.308,5000000000.0,8.0,6,1,2021-09-01,2.0,1,0.23996454373085024,0,1,0
RU000A0JTLL9,USMHD  7.650 01/27/23 PUT,1.307,5000000000.0,8.0,6,1,2021-09-01,2.0,1,0.1971654816180088,0,1,0
RU000A102Y58,BRSSD  9.600 04/01/24,2.2430000000000003,6000000000.0,6.0,4,2,2021-09-01,3.0,0,0.5325375540968172,0,1,0
RU000A0JS5R1,VNESH  6.200 03/17/22 PUT,0.499,5000000000.0,6.0,1,3,2021-09-01,3.0,1,0.0,0,1,0
RU000A0JS603,VNESH  6.250 08/11/22 PUT,0.8859999999999999,5000000000.0,8.0,1,1,2021-09-01,3.0,1,0.2254458535517295,0,1,0
RU000A0JXSF8,TRMK   7.600 05/21/27 PUT,4.606,10000000000.0,7.0,3,3,2021-09-01,2.0,0,0.5324209107657447,0,1,0
RU000A102CL3,RUGV   1.850 11/20/32,10.051,1250000000.0,9.0,7,1,2021-09-01,1.0,0,0.3775791543640325,1,0,0
RU000A101616,FASPM  5.000 Perp     '25,18.8,150000000.0,8.0,6,1,2021-10-01,3.0,0,0.4801395741512105,1,0,0
XS2159874002,LKOH   3.875 05/06/30,7.266,1500000000.0,10.0,8,1,2021-10-01,3.0,0,0.4989792787615793,0,0,1
XS2134628069,MMCFN  2.550 09/11/25 '25,3.489,500000000.0,10.0,7,1,2021-10-01,3.0,0,0.5023734361073017,0,0,1
XS2291819980,GAZFI  2.950 01/27/29 MTN,6.5440000000000005,2000000000.0,10.0,8,1,2021-10-01,3.0,0,0.0,0,0,1
XS0810596832,VTBR   9.500 Perp     '22 FRN,1.061,2250000000.0,10.0,7,1,2021-10-01,3.0,0,0.5561863067837737,0,0,1
XS2252958751,VON    3.375 11/25/27 '27 MTN,5.284,1250000000.0,9.0,6,1,2021-10-01,-1.0,0,0.0,0,0,1
XS0893212398,VEFNC  4.032 02/21/23 MTN,1.2990000000000002,500000000.0,10.0,7,1,2021-10-01,3.0,1,0.5211702853805724,1,0,0
XS2384475930,CBOMF  3.875 09/21/26,4.504,500000000.0,9.0,5,2,2021-10-01,3.0,0,0.566097000822671,0,0,1
XS1433454243,FLOT   5.375 06/16/23,1.579,498427000.0,10.0,7,1,2021-10-01,3.0,0,0.3675097083004203,0,0,1
XS1759468967,UNCRS  4.850 02/01/23,1.2429999999999999,500000000.0,8.0,3,2,2021-10-01,-1.0,0,0.0,0,0,1
XS1400710726,VON    7.250 04/26/23 '23,1.19,700000000.0,10.0,5,2,2021-10-01,-1.0,0,0.0,0,0,1
XS1772800204,DMAIR  5.075 02/15/23 '22,1.043,204719000.0,10.0,5,2,2021-10-01,3.0,0,0.39233395565599377,0,0,1
XS2010044548,CPPFD  4.500 09/19/24 '24,2.529,300000000.0,8.0,3,2,2021-10-01,-1.0,0,0.0,0,0,1
XS2010044381,GTEPT  4.949 02/18/26,3.929,550000000.0,10.0,5,2,2021-10-01,3.0,1,0.45579302758039897,0,0,1
XS2063279959,ALFAB  5.950 04/15/30 '25 FRN,3.201,850000000.0,9.0,5,2,2021-10-01,3.0,0,0.5418673127961621,0,0,1
XS2124187571,GAZFI  3.250 02/25/30 MTN,7.338999999999999,2000000000.0,10.0,8,1,2021-10-01,3.0,1,0.6140584240271428,0,0,1
XS0841671000,SGEEL  5.900 10/17/22 MTN,0.975,634051000.0,10.0,8,1,2021-10-01,3.0,1,0.0,0,0,1
XS0800817073,VEFNC  6.025 07/05/22,0.6910000000000001,1000000000.0,10.0,7,1,2021-10-01,3.0,1,0.7064341236861228,0,0,1
XS0830192711,STGPN  4.375 09/19/22 MTN,0.9009999999999999,1500000000.0,10.0,8,1,2021-10-01,3.0,1,0.5609885363701018,0,0,1
XS2183144810,AFHDS  2.700 06/11/23 MTN,1.6119999999999999,350000000.0,10.0,5,2,2021-10-01,3.0,0,0.3199850446666991,1,0,0
XS0861981180,ROSNI  4.199 03/06/22 MTN,0.375,2000000000.0,10.0,7,1,2021-10-01,3.0,1,0.5452083459840584,0,0,1
XS1622146758,MMCFN  3.849 04/08/22 '22,0.46399999999999997,500000000.0,10.0,7,1,2021-10-01,-1.0,0,0.0,0,0,1
XS0743596040,STSBC  6.125 02/07/22 MTN,0.294,1500000000.0,10.0,7,1,2021-10-01,3.0,1,0.34848818877427856,0,0,1
XS1634369067,BYGV   6.875 02/28/23,1.304,800000000.0,10.0,2,2,2021-10-01,3.0,0,0.3092382980151647,0,0,1
XS2243631095,GAZFI  4.599 Perp     '25 FRN,3.683,1400000000.0,10.0,6,1,2021-10-01,3.0,0,0.4794955622948885,0,0,1
XS1951067039,CBOMF  5.150 02/20/24,2.195,327228000.0,10.0,5,2,2021-10-01,3.0,0,0.4145642091049856,1,0,0
XS2099763075,CBOMF  4.700 01/29/25,3.045,541000000.0,9.0,5,2,2021-10-01,3.0,0,0.5312499388524233,0,0,1
XS1533915721,EVRE   5.375 03/20/23,1.376,750000000.0,10.0,6,1,2021-10-01,3.0,0,0.471411355325513,0,0,1
RU000A0JWV63,FASPM 14.250 Perp     '26,3.781,5000000000.0,7.0,6,2,2021-10-01,3.0,0,0.4866400747351875,0,1,0
RU000A0JVUK8,AFKS   9.750 09/30/25 PUT,0.465,5000000000.0,8.0,5,2,2021-10-01,3.0,1,0.5176022327312878,0,1,0
RU000A0JWYQ5,AFKS   6.350 10/30/26 PUT,4.242,6500000000.0,8.0,5,2,2021-10-01,3.0,1,0.3608905581073337,0,1,0
RU000A100V79,TCSX   8.250 09/12/29 PUT,5.9170000000000025,10000000000.0,8.0,5,2,2021-10-01,1.0,0,0.508948338418734,0,1,0
RU000A0JXVE5,SVYIN  8.900 07/05/22,0.6859999999999999,20000000000.0,9.0,6,1,2021-10-01,3.0,0,0.54160582663095,0,1,0
RU000A0JX2F6,ROSB   6.550 12/20/26 PUT,1.129,5000000000.0,6.0,7,2,2021-10-01,2.0,1,0.2691434172494262,0,1,0
RU000A0JTM36,BANE   5.500 01/31/23 PUT,1.244,10000000000.0,8.0,7,1,2021-10-01,1.0,1,0.4528085993843478,0,1,0
RU000A0JTM51,BANE   5.500 01/31/23 PUT,1.242,5000000000.0,8.0,7,1,2021-10-01,1.0,1,0.4215097384157766,0,1,0
RU000A101MZ4,IIB    6.750 05/16/23,1.486,7000000000.0,7.0,10,3,2021-10-01,3.0,0,0.2367288904212132,0,1,0
RU000A0ZZZN8,SVKBK 10.350 12/21/21,0.17,750000000.0,8.0,6,1,2021-10-01,3.0,0,0.4117608229097655,0,1,0
RU000A1023K1,AFKS   6.700 08/26/30 PUT,6.702000000000001,10000000000.0,8.0,5,2,2021-10-01,1.0,1,0.4981658288462626,0,1,0
RU000A102GY7,HEDTR  6.450 12/11/23,2.005,4000000000.0,7.0,6,2,2021-10-01,3.0,0,0.4521928083463398,0,1,0
RU000A102RF3,PPFGP  6.850 02/06/26 PUT,2.13,5000000000.0,8.0,5,2,2021-10-01,1.0,0,0.5196978010146144,0,1,0
RU000A103QH9,ETALO  9.100 09/15/26,3.303,10000000000.0,6.0,1,3,2021-10-01,2.0,0,0.6195535598421366,0,1,0
RU000A103RD6,FASPM  8.000 11/15/24,2.768,10000000000.0,7.0,7,2,2021-10-01,1.0,0,0.4584165163130504,0,1,0
RU000A0JW1P8,GTLK   6.890 12/16/25 PUT,1.133,4000000000.0,8.0,6,1,2021-10-01,1.0,1,0.4646415971372527,0,1,0
RU000A0ZYNY4,GTLK   6.250 12/31/32 FRN PUT,7.569,10000000000.0,8.0,6,1,2021-10-01,1.0,1,0.4521615260750014,0,1,0
RU000A0ZYR91,GTLK   6.150 01/18/33 FRN PUT,7.366,10000000000.0,9.0,6,1,2021-10-01,1.0,1,0.4794219089375756,0,1,0
RU000A0ZZ1J8,GTLK   7.350 03/18/33 PUT,7.727,10000000000.0,9.0,6,1,2021-10-01,1.0,1,0.44192374915415983,0,1,0
RU000A0JVA10,GTLK   7.980 03/06/25 PUT,1.76,5000000000.0,8.0,6,1,2021-10-01,1.0,1,0.4226390075456111,0,1,0
RU000A0JVVA7,FASPM 12.500 10/13/22,0.95,9000000000.0,7.0,8,3,2021-10-01,1.0,1,0.3652000087454283,0,1,0
RU000A0JTVJ2,FASPM  8.300 04/11/23 PUT,0.48200000000000004,10000000000.0,8.0,6,1,2021-10-01,2.0,1,0.6092963403092699,0,1,0
RU000A100VX2,INOFC  7.900 09/26/29 PUT,6.026,7000000000.0,6.0,7,2,2021-10-01,3.0,0,0.3739861410876569,0,1,0
RU000A101D13,AFKS   7.100 01/26/23,1.217,10000000000.0,7.0,4,2,2021-10-01,2.0,0,0.5216938817834312,0,1,0
RU000A0JX1S1,ROSSI  6.650 11/27/31 PUT,1.099,15000000000.0,8.0,8,1,2021-10-01,3.0,1,0.4924972707007277,0,1,0
RU000A101KK0,FASPM  6.750 03/26/24 PUT,2.247,6500000000.0,7.0,8,3,2021-10-01,3.0,0,0.39770046768588974,0,1,0
XS1946883342,ALFAB  9.350 08/06/22 MTN,0.769,10000000000.0,9.0,6,1,2021-10-01,-1.0,0,0.0,0,1,0
RU000A101S81,UNCRS  6.500 05/28/30 PUT,6.574,10000000000.0,7.0,4,2,2021-10-01,2.0,0,0.4426586021374192,0,1,0
XS1691350455,RUCAM  8.125 09/28/22 '22,0.917,20000000000.0,10.0,7,1,2021-10-01,-1.0,0,0.0,0,1,0
RU000A0JTLJ3,USMHD  7.650 01/27/23 PUT,1.214,5000000000.0,8.0,7,1,2021-10-01,2.0,1,0.20781846433790035,0,1,0
RU000A0JTLL9,USMHD  7.650 01/27/23 PUT,1.214,5000000000.0,7.0,7,2,2021-10-01,2.0,1,0.29869686528525274,0,1,0
RU000A102Y58,BRSSD  9.600 04/01/24,2.201,6000000000.0,6.0,4,2,2021-10-01,3.0,0,0.5290662219259249,0,1,0
RU000A0JS5R1,VNESH  6.200 03/17/22 PUT,0.405,5000000000.0,6.0,1,3,2021-10-01,3.0,1,0.0,0,1,0
RU000A0JS603,VNESH  6.250 08/11/22 PUT,0.7929999999999999,5000000000.0,6.0,1,3,2021-10-01,3.0,1,0.3101918480990701,0,1,0
RU000A0JXSF8,TRMK   7.600 05/21/27 PUT,4.5089999999999995,10000000000.0,6.0,3,3,2021-10-01,2.0,0,0.4259921815872879,0,1,0
RU000A102CL3,RUGV   1.850 11/20/32,9.95,1250000000.0,9.0,7,1,2021-10-01,1.0,0,0.5485614207126401,1,0,0
XS2159874002,LKOH   3.875 05/06/30,7.300000000000002,1500000000.0,10.0,8,1,2021-11-01,3.0,0,0.5677396615296624,0,0,1
XS2134628069,MMCFN  2.550 09/11/25 '25,3.628,500000000.0,10.0,7,1,2021-11-01,3.0,0,0.44231659905855,0,0,1
RU000A102CL3,RUGV   1.850 11/20/32,10.042,1250000000.0,9.0,7,1,2021-11-01,1.0,0,0.5156501273453802,1,0,0
XS2291819980,GAZFI  2.950 01/27/29 MTN,6.4460000000000015,2000000000.0,10.0,8,1,2021-11-01,3.0,0,0.4297345876565366,0,0,1
XS0810596832,VTBR   9.500 Perp     '22 FRN,0.972,2250000000.0,10.0,7,1,2021-11-01,3.0,0,0.592844466737792,0,0,1
XS2252958751,VON    3.375 11/25/27 '27 MTN,5.393,1250000000.0,8.0,6,1,2021-11-01,-1.0,0,0.0,0,0,1
XS2384475930,CBOMF  3.875 09/21/26,4.415,500000000.0,9.0,5,2,2021-11-01,3.0,0,0.5599690460309447,0,0,1
XS1433454243,FLOT   5.375 06/16/23,1.49,498427000.0,10.0,7,1,2021-11-01,3.0,0,0.3843422865256322,0,0,1
XS1759468967,UNCRS  4.850 02/01/23,1.1540000000000001,500000000.0,8.0,3,2,2021-11-01,-1.0,0,0.0,0,0,1
XS1400710726,VON    7.250 04/26/23 '23,1.141,700000000.0,10.0,5,2,2021-11-01,-1.0,0,0.0,0,0,1
XS1772800204,DMAIR  5.075 02/15/23 '22,0.954,204719000.0,10.0,5,2,2021-11-01,3.0,0,0.4136250253902964,0,0,1
XS2010044548,CPPFD  4.500 09/19/24 '24,2.441,300000000.0,8.0,4,2,2021-11-01,-1.0,0,0.0,0,0,1
XS2010044381,GTEPT  4.949 02/18/26,3.838,550000000.0,10.0,5,2,2021-11-01,3.0,1,0.4904942521856256,0,0,1
XS2063279959,ALFAB  5.950 04/15/30 '25 FRN,3.111,850000000.0,9.0,5,2,2021-11-01,3.0,0,0.5429723402052526,0,0,1
XS2124187571,GAZFI  3.250 02/25/30 MTN,7.239,2000000000.0,10.0,8,1,2021-11-01,3.0,1,0.6165571221435429,0,0,1
XS1946883342,ALFAB  9.350 08/06/22 MTN,0.68,10000000000.0,9.0,7,1,2021-11-01,-1.0,0,0.0,0,1,0
XS0841671000,SGEEL  5.900 10/17/22 MTN,0.8859999999999999,634051000.0,10.0,8,1,2021-11-01,3.0,1,0.35130963455701825,0,0,1
XS0800817073,VEFNC  6.025 07/05/22,0.602,1000000000.0,10.0,7,1,2021-11-01,3.0,1,0.4971755826646514,0,0,1
XS0830192711,STGPN  4.375 09/19/22 MTN,0.812,1500000000.0,10.0,8,1,2021-11-01,3.0,1,0.5657593249709882,0,0,1
XS2183144810,AFHDS  2.700 06/11/23 MTN,1.5219999999999998,350000000.0,10.0,6,1,2021-11-01,3.0,0,0.2377749279916906,1,0,0
XS0861981180,ROSNI  4.199 03/06/22 MTN,0.28600000000000003,2000000000.0,10.0,7,1,2021-11-01,3.0,1,0.541685511497636,0,0,1
XS1622146758,MMCFN  3.849 04/08/22 '22,0.375,500000000.0,10.0,7,1,2021-11-01,-1.0,0,0.0,0,0,1
XS1691350455,RUCAM  8.125 09/28/22 '22,0.8280000000000001,20000000000.0,10.0,7,1,2021-11-01,-1.0,0,0.0,0,1,0
XS0743596040,STSBC  6.125 02/07/22 MTN,0.206,1500000000.0,10.0,7,1,2021-11-01,3.0,1,0.2345751104262708,0,0,1
XS1634369067,BYGV   6.875 02/28/23,1.214,800000000.0,10.0,2,2,2021-11-01,3.0,0,0.3519154237216167,0,0,1
XS2243631095,GAZFI  4.599 Perp     '25 FRN,3.592,1400000000.0,9.0,6,1,2021-11-01,3.0,0,0.4631000701626517,0,0,1
XS1951067039,CBOMF  5.150 02/20/24,2.105,327228000.0,10.0,5,2,2021-11-01,3.0,0,0.5167456171675713,1,0,0
XS2099763075,CBOMF  4.700 01/29/25,2.9560000000000004,541000000.0,9.0,5,2,2021-11-01,3.0,0,0.4758239153925263,0,0,1
XS1533915721,EVRE   5.375 03/20/23,1.287,750000000.0,10.0,6,1,2021-11-01,3.0,0,0.4772856227632384,0,0,1
RU000A0JWV63,FASPM 14.250 Perp     '26,3.6860000000000004,5000000000.0,6.0,6,2,2021-11-01,3.0,0,0.4837303954001447,0,1,0
RU000A0JVUK8,AFKS   9.750 09/30/25 PUT,0.375,5000000000.0,9.0,5,2,2021-11-01,3.0,1,0.4405781133594641,0,1,0
RU000A0JWYQ5,AFKS   6.350 10/30/26 PUT,4.2860000000000005,6500000000.0,9.0,5,2,2021-11-01,3.0,1,0.3707124960724593,0,1,0
RU000A100V79,TCSX   8.250 09/12/29 PUT,5.817,10000000000.0,9.0,5,2,2021-11-01,1.0,0,0.503850615987701,0,1,0
RU000A0JXVE5,SVYIN  8.900 07/05/22,0.595,20000000000.0,9.0,6,1,2021-11-01,3.0,0,0.4736648805304967,0,1,0
RU000A101616,FASPM  5.000 Perp     '25,18.707,150000000.0,8.0,6,1,2021-11-01,3.0,0,0.4718931705489955,1,0,0
RU000A0JX2F6,ROSB   6.550 12/20/26 PUT,1.036,5000000000.0,8.0,7,1,2021-11-01,2.0,1,0.27385683498716096,0,1,0
RU000A0JTM36,BANE   5.500 01/31/23 PUT,1.151,10000000000.0,9.0,7,1,2021-11-01,1.0,1,0.3714739305496084,0,1,0
RU000A0JTM51,BANE   5.500 01/31/23 PUT,1.151,5000000000.0,9.0,7,1,2021-11-01,1.0,1,0.2961343167970999,0,1,0
RU000A101MZ4,IIB    6.750 05/16/23,1.4169999999999998,7000000000.0,6.0,10,3,2021-11-01,3.0,0,0.2369918229862752,0,1,0
RU000A0ZZZN8,SVKBK 10.350 12/21/21,0.079,750000000.0,8.0,6,1,2021-11-01,3.0,0,0.4456412991757975,0,1,0
RU000A1023K1,AFKS   6.700 08/26/30 PUT,6.58,10000000000.0,9.0,5,2,2021-11-01,1.0,1,0.500040535061854,0,1,0
RU000A102GY7,HEDTR  6.450 12/11/23,1.911,4000000000.0,8.0,6,1,2021-11-01,3.0,0,0.4501512205787477,0,1,0
RU000A102RF3,PPFGP  6.850 02/06/26 PUT,2.074,5000000000.0,8.0,5,2,2021-11-01,1.0,0,0.4978173028609029,0,1,0
RU000A103QH9,ETALO  9.100 09/15/26,3.193,10000000000.0,7.0,1,3,2021-11-01,2.0,0,0.5758216730222571,0,1,0
RU000A103RD6,FASPM  8.000 11/15/24,2.699,10000000000.0,7.0,7,2,2021-11-01,1.0,0,0.4370119145661713,0,1,0
RU000A0JW1P8,GTLK   6.890 12/16/25 PUT,1.042,4000000000.0,8.0,6,1,2021-11-01,1.0,1,0.4826951119197788,0,1,0
RU000A0ZYNY4,GTLK   6.250 12/31/32 FRN PUT,7.255,10000000000.0,8.0,6,1,2021-11-01,1.0,1,0.4752639493914652,0,1,0
RU000A0ZYR91,GTLK   7.400 01/18/33 FRN PUT,7.101,10000000000.0,9.0,6,1,2021-11-01,1.0,1,0.467249558572082,0,1,0
RU000A0ZZ1J8,GTLK   7.350 03/18/33 PUT,7.595,10000000000.0,9.0,6,1,2021-11-01,1.0,1,0.44702468704215104,0,1,0
RU000A0JVA10,GTLK   7.980 03/06/25 PUT,1.6680000000000001,5000000000.0,8.0,6,1,2021-11-01,1.0,1,0.4334224989783884,0,1,0
RU000A0JVVA7,FASPM 12.500 10/13/22,0.8590000000000001,9000000000.0,8.0,8,1,2021-11-01,1.0,1,0.3961730363443372,0,1,0
RU000A0JTVJ2,FASPM  8.300 04/11/23 PUT,0.392,10000000000.0,7.0,6,2,2021-11-01,2.0,1,0.5279112277538034,0,1,0
RU000A100VX2,INOFC  7.900 09/26/29 PUT,5.905,7000000000.0,7.0,7,2,2021-11-01,3.0,0,0.3929019628017005,0,1,0
RU000A101D13,AFKS   7.100 01/26/23,1.127,10000000000.0,8.0,5,2,2021-11-01,2.0,0,0.5008442798849679,0,1,0
RU000A0JX1S1,ROSSI  6.650 11/27/31 PUT,1.005,15000000000.0,9.0,8,1,2021-11-01,3.0,1,0.5344861342419654,0,1,0
RU000A101KK0,FASPM  6.750 03/26/24 PUT,2.154,6500000000.0,7.0,8,3,2021-11-01,3.0,0,0.4163240264338697,0,1,0
RU000A101S81,UNCRS  6.500 05/28/30 PUT,6.4620000000000015,10000000000.0,7.0,4,2,2021-11-01,2.0,0,0.4913275948573098,0,1,0
RU000A0JTLJ3,USMHD  7.650 01/27/23 PUT,1.123,5000000000.0,9.0,7,1,2021-11-01,2.0,1,0.18287537964992706,0,1,0
RU000A0JTLL9,USMHD  7.650 01/27/23 PUT,1.123,5000000000.0,8.0,7,1,2021-11-01,2.0,1,0.2718989006015289,0,1,0
RU000A102Y58,BRSSD  9.600 04/01/24,2.11,6000000000.0,8.0,3,2,2021-11-01,3.0,0,0.5452236738923382,0,1,0
RU000A0JS5R1,VNESH  6.200 03/17/22 PUT,0.315,5000000000.0,6.0,3,3,2021-11-01,3.0,1,0.0,0,1,0
RU000A0JS603,VNESH  6.250 08/11/22 PUT,0.7020000000000001,5000000000.0,8.0,3,2,2021-11-01,3.0,1,0.4830478387660166,0,1,0
RU000A0JXSF8,TRMK   7.600 05/21/27 PUT,4.409,10000000000.0,7.0,3,3,2021-11-01,2.0,0,0.4321806579480269,0,1,0
RU000A101616,FASPM  5.000 Perp     '25,19.418,150000000.0,8.0,6,1,2021-12-01,3.0,0,0.4899063881457298,1,0,0
XS2159874002,LKOH   3.875 05/06/30,7.235,1500000000.0,10.0,8,1,2021-12-01,3.0,0,0.5495619249482028,0,0,1
XS2134628069,MMCFN  2.550 09/11/25 '25,3.56,500000000.0,10.0,7,1,2021-12-01,3.0,0,0.4543875225981872,0,0,1
XS2291819980,GAZFI  2.950 01/27/29 MTN,6.379,2000000000.0,10.0,8,1,2021-12-01,3.0,0,0.4877707709846351,0,0,1
XS0810596832,VTBR   9.500 Perp     '22 FRN,0.95,2250000000.0,10.0,7,1,2021-12-01,3.0,0,0.5760379706784386,0,0,1
XS2252958751,VON    3.375 11/25/27 '27 MTN,5.416,1250000000.0,9.0,6,1,2021-12-01,-1.0,0,0.0,0,0,1
XS2384475930,CBOMF  3.875 09/21/26 '26,4.345,500000000.0,9.0,5,2,2021-12-01,3.0,0,0.5391523823355516,0,0,1
XS2401571448,LKOH   2.800 04/26/27 '27,4.99,1150000000.0,8.0,8,1,2021-12-01,-1.0,0,0.0,0,0,1
XS1433454243,FLOT   5.375 06/16/23,1.462,498427000.0,10.0,7,1,2021-12-01,3.0,0,0.4398034283778017,0,0,1
XS1759468967,UNCRS  4.850 02/01/23,1.09,500000000.0,8.0,3,2,2021-12-01,-1.0,0,0.0,0,0,1
XS1400710726,VON    7.250 04/26/23 '23,1.077,700000000.0,10.0,5,2,2021-12-01,-1.0,0,0.0,0,0,1
XS1772800204,DMAIR  5.075 02/15/23 '22,0.89,204719000.0,10.0,5,2,2021-12-01,3.0,0,0.4266005036864969,0,0,1
XS2010044548,CPPFD  4.500 09/19/24 '24,2.376,300000000.0,9.0,4,2,2021-12-01,-1.0,0,0.0,0,0,1
XS2010044381,GTEPT  4.949 02/18/26,3.77,550000000.0,10.0,5,2,2021-12-01,3.0,1,0.4736593928182821,0,0,1
XS2063279959,ALFAB  5.950 04/15/30 '25 FRN,3.043,850000000.0,9.0,5,2,2021-12-01,3.0,0,0.539531776471298,0,0,1
XS2124187571,GAZFI  3.250 02/25/30 MTN,7.1739999999999995,2000000000.0,10.0,8,1,2021-12-01,3.0,1,0.5996273718642133,0,0,1
XS0841671000,SGEEL  5.900 10/17/22 MTN,0.8190000000000001,634051000.0,10.0,8,1,2021-12-01,3.0,1,0.0,0,0,1
XS0800817073,VEFNC  6.025 07/05/22,0.5379999999999999,1000000000.0,10.0,7,1,2021-12-01,3.0,1,0.4669548759115999,0,0,1
XS0830192711,STGPN  4.375 09/19/22 MTN,0.748,1500000000.0,10.0,8,1,2021-12-01,3.0,1,0.49101812666567696,0,0,1
XS2183144810,AFHDS  2.700 06/11/23 MTN,1.459,350000000.0,10.0,6,1,2021-12-01,3.0,0,0.0,1,0,0
XS0861981180,ROSNI  4.199 03/06/22 MTN,0.222,2000000000.0,10.0,7,1,2021-12-01,3.0,1,0.6207797017439014,0,0,1
XS1622146758,MMCFN  3.849 04/08/22 '22,0.311,500000000.0,10.0,7,1,2021-12-01,-1.0,0,0.0,0,0,1
XS0743596040,STSBC  6.125 02/07/22 MTN,0.14200000000000002,1500000000.0,10.0,7,1,2021-12-01,3.0,1,0.3430953707648517,0,0,1
XS1634369067,BYGV   6.875 02/28/23,1.15,800000000.0,10.0,2,2,2021-12-01,3.0,0,0.3913309802982883,0,0,1
XS2243631095,GAZFI  4.599 Perp     '25 FRN,3.523,1400000000.0,9.0,6,1,2021-12-01,3.0,0,0.4949205049129874,0,0,1
XS1951067039,CBOMF  5.150 02/20/24,2.04,327228000.0,10.0,5,2,2021-12-01,3.0,0,0.44366527226260216,1,0,0
XS2099763075,CBOMF  4.700 01/29/25,2.89,541000000.0,9.0,5,2,2021-12-01,3.0,0,0.4568075947649349,0,0,1
XS1533915721,EVRE   5.375 03/20/23,1.2229999999999999,750000000.0,10.0,6,1,2021-12-01,3.0,0,0.4577324973337013,0,0,1
XS2239639433,VKCO   1.625 10/01/25 CVT,0.0,400000000.0,7.0,6,2,2021-12-01,-1.0,0,0.0,0,0,1
RU000A0JWV63,FASPM 14.250 Perp     '26,3.602,5000000000.0,7.0,6,2,2021-12-01,3.0,0,0.4597768626100943,0,1,0
RU000A0JVUK8,AFKS   9.750 09/30/25 PUT,0.309,5000000000.0,9.0,5,2,2021-12-01,3.0,1,0.5364685519787777,0,1,0
RU000A0JWYQ5,AFKS   6.350 10/30/26 PUT,4.215,6500000000.0,9.0,5,2,2021-12-01,3.0,1,0.4742739352297736,0,1,0
RU000A100V79,TCSX   8.250 09/12/29 PUT,5.74,10000000000.0,9.0,5,2,2021-12-01,1.0,0,0.5377469722736276,0,1,0
RU000A0JXVE5,SVYIN  8.900 07/05/22,0.529,20000000000.0,9.0,6,1,2021-12-01,3.0,0,0.4414896891369962,0,1,0
RU000A0JX2F6,ROSB   6.550 12/20/26 PUT,0.973,5000000000.0,8.0,7,1,2021-12-01,2.0,1,0.2887846231396677,0,1,0
RU000A0JTM36,BANE   5.500 01/31/23 PUT,1.089,10000000000.0,9.0,7,1,2021-12-01,1.0,1,0.41992293792823865,0,1,0
RU000A0JTM51,BANE   5.500 01/31/23 PUT,1.0859999999999999,5000000000.0,9.0,7,1,2021-12-01,1.0,1,0.30789042730075483,0,1,0
RU000A101MZ4,IIB    6.750 05/16/23,1.354,7000000000.0,6.0,10,3,2021-12-01,3.0,0,0.0,0,1,0
RU000A0ZZZN8,SVKBK 10.350 12/21/21,0.016,750000000.0,8.0,6,1,2021-12-01,3.0,0,0.4731858744273141,0,1,0
RU000A1023K1,AFKS   6.700 08/26/30 PUT,6.494,10000000000.0,9.0,5,2,2021-12-01,1.0,1,0.4392543181383452,0,1,0
RU000A102GY7,HEDTR  6.450 12/11/23,1.878,4000000000.0,7.0,6,2,2021-12-01,3.0,0,0.4243021100435147,0,1,0
RU000A102RF3,PPFGP  6.850 02/06/26 PUT,2.008,5000000000.0,8.0,5,2,2021-12-01,1.0,0,0.4464378776046439,0,1,0
RU000A103QH9,ETALO  9.100 09/15/26,3.1210000000000004,10000000000.0,7.0,1,3,2021-12-01,2.0,0,0.5230098088172055,0,1,0
RU000A103RD6,FASPM  8.000 11/15/24,2.635,10000000000.0,7.0,7,2,2021-12-01,1.0,0,0.3573436148613204,0,1,0
RU000A0JW1P8,GTLK   6.890 12/16/25 PUT,0.976,4000000000.0,8.0,6,1,2021-12-01,1.0,1,0.4371233580402079,0,1,0
RU000A0ZYNY4,GTLK   6.250 12/31/32 FRN PUT,6.996,10000000000.0,8.0,6,1,2021-12-01,1.0,1,0.5329710202179823,0,1,0
RU000A0ZYR91,GTLK   7.400 01/18/33 FRN PUT,6.785,10000000000.0,9.0,6,1,2021-12-01,1.0,1,0.5915093934650574,0,1,0
RU000A0ZZ1J8,GTLK   7.350 03/18/33 PUT,7.48,10000000000.0,9.0,6,1,2021-12-01,1.0,1,0.4608810196799232,0,1,0
RU000A0JVA10,GTLK   7.980 03/06/25 PUT,1.634,5000000000.0,8.0,6,1,2021-12-01,1.0,1,0.4076893221214434,0,1,0
RU000A0JVVA7,FASPM 12.500 10/13/22,0.7929999999999999,9000000000.0,8.0,8,1,2021-12-01,1.0,1,0.4013058719199742,0,1,0
RU000A0JTVJ2,FASPM  8.300 04/11/23 PUT,0.326,10000000000.0,8.0,6,1,2021-12-01,2.0,1,0.5113269396824739,0,1,0
RU000A100VX2,INOFC  7.900 09/26/29 PUT,5.855,7000000000.0,7.0,7,2,2021-12-01,3.0,0,0.4199634181669288,0,1,0
RU000A101D13,AFKS   7.100 01/26/23,1.06,10000000000.0,8.0,5,2,2021-12-01,2.0,0,0.5375606749962926,0,1,0
RU000A0JX1S1,ROSSI  6.650 11/27/31 PUT,0.975,15000000000.0,9.0,8,1,2021-12-01,3.0,1,0.5371953033795497,0,1,0
RU000A101KK0,FASPM  6.750 03/26/24 PUT,2.0469999999999997,6500000000.0,8.0,8,1,2021-12-01,3.0,0,0.4605857806420415,0,1,0
XS1946883342,ALFAB  9.350 08/06/22 MTN,0.617,10000000000.0,9.0,7,1,2021-12-01,-1.0,0,0.0,0,1,0
RU000A101S81,UNCRS  6.500 05/28/30 PUT,6.492999999999999,10000000000.0,7.0,3,3,2021-12-01,2.0,0,0.4694113142218494,0,1,0
XS1691350455,RUCAM  8.125 09/28/22 '22,0.764,20000000000.0,10.0,7,1,2021-12-01,-1.0,0,0.0,0,1,0
RU000A0JTLJ3,USMHD  7.650 01/27/23 PUT,1.057,5000000000.0,8.0,7,1,2021-12-01,2.0,1,0.24851614134937944,0,1,0
RU000A0JTLL9,USMHD  7.650 01/27/23 PUT,1.057,5000000000.0,8.0,7,1,2021-12-01,2.0,1,0.2482593481442169,0,1,0
RU000A102Y58,BRSSD  9.600 04/01/24,2.0380000000000003,6000000000.0,7.0,4,2,2021-12-01,3.0,0,0.512226830053983,0,1,0
RU000A0JS5R1,VNESH  6.200 03/17/22 PUT,0.249,5000000000.0,6.0,3,3,2021-12-01,3.0,1,0.0,0,1,0
RU000A0JS603,VNESH  6.250 08/11/22 PUT,0.637,5000000000.0,8.0,3,2,2021-12-01,3.0,1,0.230872091666024,0,1,0
RU000A0JXSF8,TRMK   7.600 05/21/27 PUT,4.513,10000000000.0,7.0,3,3,2021-12-01,2.0,0,0.4482269029937518,0,1,0
RU000A102CL3,RUGV   1.850 11/20/32,9.98,1250000000.0,8.0,7,1,2021-12-01,1.0,0,0.396898782515924,1,0,0
RU000A101616,FASPM  5.000 Perp     '25,19.322,150000000.0,7.0,6,2,2022-01-01,3.0,0,0.4567130339881673,1,0,0
XS2159874002,LKOH   3.875 05/06/30,7.0889999999999995,1500000000.0,10.0,8,1,2022-01-01,3.0,0,0.5242205580130861,0,0,1
XS2134628069,MMCFN  2.550 09/11/25 '25,3.4610000000000003,500000000.0,10.0,7,1,2022-01-01,3.0,0,0.4604283403774173,0,0,1
XS2291819980,GAZFI  2.950 01/27/29 MTN,6.2520000000000024,2000000000.0,10.0,8,1,2022-01-01,3.0,0,0.4822639616535443,0,0,1
XS0810596832,VTBR   9.500 Perp     '22 FRN,0.853,2250000000.0,10.0,7,1,2022-01-01,3.0,0,0.6363505798822231,0,0,1
XS2252958751,VON    3.375 11/25/27 '27 MTN,5.306,1250000000.0,9.0,6,1,2022-01-01,-1.0,0,0.0,0,0,1
XS2384475930,CBOMF  3.875 09/21/26 '26,4.224,500000000.0,9.0,5,2,2022-01-01,3.0,0,0.5547294355242215,0,0,1
XS2401571448,LKOH   2.800 04/26/27 '27,4.886,1150000000.0,9.0,8,1,2022-01-01,3.0,0,0.0,0,0,1
XS2401571521,LKOH   3.600 10/26/31 '31,8.176,1150000000.0,9.0,8,1,2022-01-01,3.0,0,0.0,0,0,1
XS2010027451,GTEPT  4.349 02/27/29,6.07,600000000.0,8.0,5,2,2022-01-01,-1.0,0,0.0,0,0,1
XS1433454243,FLOT   5.375 06/16/23,1.365,498427000.0,10.0,7,1,2022-01-01,3.0,0,0.30320751576675303,0,0,1
XS1759468967,UNCRS  4.850 02/01/23,0.998,500000000.0,8.0,3,2,2022-01-01,-1.0,0,0.0,0,0,1
XS1400710726,VON    7.250 04/26/23 '23,0.98,700000000.0,10.0,5,2,2022-01-01,-1.0,0,0.0,0,0,1
XS1772800204,DMAIR  5.075 02/15/23 '22,0.792,204719000.0,10.0,5,2,2022-01-01,3.0,0,0.34664933915845675,0,0,1
XS2010044548,CPPFD  4.500 09/19/24 '24,2.5,300000000.0,9.0,4,2,2022-01-01,3.0,0,0.0,0,0,1
XS2010044381,GTEPT  4.949 02/18/26,3.671,550000000.0,10.0,5,2,2022-01-01,3.0,1,0.4607196990302855,0,0,1
XS2063279959,ALFAB  5.950 04/15/30 '25 FRN,2.94,850000000.0,10.0,5,2,2022-01-01,3.0,0,0.5187435032346102,0,0,1
XS2124187571,GAZFI  3.250 02/25/30 MTN,7.037999999999999,2000000000.0,10.0,8,1,2022-01-01,3.0,1,0.5819814560746426,0,0,1
XS0841671000,SGEEL  5.900 10/17/22 MTN,0.725,634051000.0,10.0,8,1,2022-01-01,3.0,1,0.0,0,0,1
XS0800817073,VEFNC  6.025 07/05/22,0.456,1000000000.0,10.0,7,1,2022-01-01,3.0,1,0.435671960370951,0,0,1
XS0830192711,STGPN  4.375 09/19/22 MTN,0.65,1500000000.0,10.0,8,1,2022-01-01,3.0,1,0.4671939043134085,0,0,1
XS2183144810,AFHDS  2.700 06/11/23 MTN,1.36,350000000.0,10.0,6,1,2022-01-01,3.0,0,0.0,1,0,0
XS0861981180,ROSNI  4.199 03/06/22 MTN,0.125,2000000000.0,10.0,7,1,2022-01-01,3.0,1,0.6014780830981793,0,0,1
XS1622146758,MMCFN  3.849 04/08/22 '22,0.214,500000000.0,10.0,7,1,2022-01-01,-1.0,0,0.0,0,0,1
XS0743596040,STSBC  6.125 02/07/22 MTN,0.044000000000000004,1500000000.0,10.0,7,1,2022-01-01,3.0,1,0.3441363719877836,0,0,1
XS1634369067,BYGV   6.875 02/28/23,1.053,800000000.0,10.0,2,2,2022-01-01,3.0,0,0.33006576090699835,0,0,1
XS2243631095,GAZFI  4.599 Perp     '25 FRN,3.4170000000000003,1400000000.0,9.0,6,1,2022-01-01,3.0,0,0.4199112446389211,0,0,1
XS1951067039,CBOMF  5.150 02/20/24,1.9409999999999998,327228000.0,10.0,5,2,2022-01-01,3.0,0,0.42498722527881466,1,0,0
XS2099763075,CBOMF  4.700 01/29/25,2.7840000000000003,541000000.0,10.0,5,2,2022-01-01,3.0,0,0.4234797365389543,0,0,1
XS1533915721,EVRE   5.375 03/20/23,1.126,750000000.0,10.0,6,1,2022-01-01,3.0,0,0.4258695931393979,0,0,1
XS0842078536,STTVB  6.950 10/17/22,0.722,1412116000.0,10.0,7,1,2022-01-01,-1.0,0,0.0,0,0,1
RU000A0JWV63,FASPM 14.250 Perp     '26,3.513,5000000000.0,6.0,6,2,2022-01-01,3.0,0,0.4489275681717837,0,1,0
RU000A0JVUK8,AFKS   9.750 09/30/25 PUT,0.213,5000000000.0,9.0,5,2,2022-01-01,3.0,1,0.4116900998784516,0,1,0
RU000A0JWYQ5,AFKS   6.350 10/30/26 PUT,4.122,6500000000.0,9.0,5,2,2022-01-01,3.0,1,0.4715492599551942,0,1,0
RU000A100V79,TCSX   8.250 09/12/29 PUT,5.651,10000000000.0,9.0,5,2,2022-01-01,1.0,0,0.5799908160652565,0,1,0
RU000A0JXVE5,SVYIN  8.900 07/05/22,0.455,20000000000.0,9.0,6,1,2022-01-01,3.0,0,0.4547590378916505,0,1,0
RU000A0JX2F6,ROSB   6.550 12/20/26 PUT,0.909,5000000000.0,7.0,7,2,2022-01-01,2.0,1,0.25634631937182306,0,1,0
RU000A0JTM36,BANE   5.500 01/31/23 PUT,0.993,10000000000.0,9.0,7,1,2022-01-01,1.0,1,0.508596916249958,0,1,0
RU000A0JTM51,BANE   5.500 01/31/23 PUT,0.99,5000000000.0,9.0,7,1,2022-01-01,1.0,1,0.5286418706660995,0,1,0
RU000A101MZ4,IIB    6.750 05/16/23,1.258,7000000000.0,6.0,10,3,2022-01-01,3.0,0,0.0,0,1,0
RU000A1023K1,AFKS   6.700 08/26/30 PUT,6.3950000000000005,10000000000.0,9.0,5,2,2022-01-01,1.0,1,0.4764997097686728,0,1,0
RU000A102GY7,HEDTR  6.450 12/11/23,1.7819999999999998,4000000000.0,7.0,6,2,2022-01-01,3.0,0,0.45017478471340777,0,1,0
RU000A102RF3,PPFGP  6.850 02/06/26 PUT,1.911,5000000000.0,8.0,5,2,2022-01-01,1.0,0,0.5011149257432381,0,1,0
RU000A103QH9,ETALO  9.100 09/15/26,3.094,10000000000.0,6.0,1,3,2022-01-01,2.0,0,0.4831035844344777,0,1,0
RU000A103RD6,FASPM  8.000 11/15/24,2.536,10000000000.0,7.0,7,2,2022-01-01,1.0,0,0.3871679453666014,0,1,0
RU000A0JW1P8,GTLK   6.890 12/16/25 PUT,0.897,4000000000.0,8.0,6,1,2022-01-01,1.0,1,0.4851871677727991,0,1,0
RU000A0ZYNY4,GTLK   9.250 12/31/32 FRN PUT,6.7810000000000015,10000000000.0,8.0,6,1,2022-01-01,1.0,1,0.5173561850807917,0,1,0
RU000A0ZYR91,GTLK   7.400 01/18/33 FRN PUT,6.5310000000000015,10000000000.0,9.0,6,1,2022-01-01,1.0,1,0.5876707358721298,0,1,0
RU000A0ZZ1J8,GTLK   7.350 03/18/33 PUT,7.502999999999999,10000000000.0,9.0,6,1,2022-01-01,1.0,1,0.4847318084410482,0,1,0
RU000A0JVA10,GTLK   7.980 03/06/25 PUT,1.537,5000000000.0,8.0,6,1,2022-01-01,1.0,1,0.4213493142341913,0,1,0
RU000A0JVVA7,FASPM 12.500 10/13/22,0.6970000000000001,9000000000.0,8.0,8,1,2022-01-01,1.0,1,0.457206446592992,0,1,0
RU000A0JTVJ2,FASPM  8.300 04/11/23 PUT,0.23,10000000000.0,8.0,6,1,2022-01-01,2.0,1,0.3648145882191464,0,1,0
RU000A100VX2,INOFC  7.900 09/26/29 PUT,5.694,7000000000.0,6.0,7,2,2022-01-01,3.0,0,0.4024355402214219,0,1,0
RU000A101D13,AFKS   7.100 01/26/23,0.965,10000000000.0,8.0,5,2,2022-01-01,2.0,0,0.6068722827123045,0,1,0
RU000A0JX1S1,ROSSI  6.650 11/27/31 PUT,0.879,15000000000.0,9.0,8,1,2022-01-01,3.0,1,0.5067568609065574,0,1,0
RU000A101KK0,FASPM  6.750 03/26/24 PUT,2.018,6500000000.0,7.0,8,3,2022-01-01,3.0,0,0.4727107933127592,0,1,0
XS1946883342,ALFAB  9.350 08/06/22 MTN,0.519,10000000000.0,9.0,7,1,2022-01-01,-1.0,0,0.0,0,1,0
RU000A101S81,UNCRS  6.500 05/28/30 PUT,6.393,10000000000.0,7.0,4,2,2022-01-01,2.0,0,0.4924879493390251,0,1,0
XS1691350455,RUCAM  8.125 09/28/22 '22,0.6659999999999999,20000000000.0,10.0,7,1,2022-01-01,-1.0,0,0.0,0,1,0
RU000A0JTLJ3,USMHD  7.650 01/27/23 PUT,0.961,5000000000.0,8.0,7,1,2022-01-01,2.0,1,0.3530159098286497,0,1,0
RU000A0JTLL9,USMHD  7.650 01/27/23 PUT,0.961,5000000000.0,7.0,7,2,2022-01-01,2.0,1,0.2408762468639389,0,1,0
RU000A102Y58,BRSSD  9.600 04/01/24,1.995,6000000000.0,7.0,3,3,2022-01-01,3.0,0,0.4948698469212398,0,1,0
RU000A0JS5R1,VNESH  6.200 03/17/22 PUT,0.153,5000000000.0,6.0,3,3,2022-01-01,3.0,1,0.0,0,1,0
RU000A0JS603,VNESH  6.250 08/11/22 PUT,0.541,5000000000.0,8.0,3,2,2022-01-01,3.0,1,0.4361578199118216,0,1,0
RU000A0JXSF8,TRMK   7.600 05/21/27 PUT,4.42,10000000000.0,7.0,3,3,2022-01-01,2.0,0,0.4373582783988407,0,1,0
RU000A102CL3,RUGV   1.850 11/20/32,9.885,1250000000.0,9.0,7,1,2022-01-01,1.0,0,0.3959093834182691,1,0,0
